skill_name,month,share,kind,lower,upper
TypeScript,2024-08,0.20307692307692307,actual,0.20307692307692307,0.20307692307692307
TypeScript,2024-09,0.21710526315789475,actual,0.21710526315789475,0.21710526315789475
TypeScript,2024-10,0.25757575757575757,actual,0.25757575757575757,0.25757575757575757
TypeScript,2024-11,0.22955974842767296,actual,0.22955974842767296,0.22955974842767296
TypeScript,2024-12,0.17575757575757575,actual,0.17575757575757575,0.17575757575757575
TypeScript,2025-01,0.18478260869565216,actual,0.18478260869565216,0.18478260869565216
TypeScript,2025-02,0.19696969696969696,actual,0.19696969696969696,0.19696969696969696
TypeScript,2025-03,0.22033898305084745,actual,0.22033898305084745,0.22033898305084745
TypeScript,2025-04,0.22330097087378642,actual,0.22330097087378642,0.22330097087378642
TypeScript,2025-05,0.2913907284768212,actual,0.2913907284768212,0.2913907284768212
TypeScript,2025-06,0.2292817679558011,actual,0.2292817679558011,0.2292817679558011
TypeScript,2025-07,0.26047904191616766,actual,0.26047904191616766,0.26047904191616766
TypeScript,2025-08,0.2727272727272727,actual,0.2727272727272727,0.2727272727272727
TypeScript,2025-09,0.30564784053156147,actual,0.30564784053156147,0.30564784053156147
TypeScript,2025-10,0.2404692082111437,actual,0.2404692082111437,0.2404692082111437
TypeScript,2025-11,0.2614213197969543,actual,0.2614213197969543,0.2614213197969543
TypeScript,2025-12,0.25526315789473686,actual,0.25526315789473686,0.25526315789473686
TypeScript,2026-01,0.25,actual,0.25,0.25
TypeScript,2026-02,0.2987951807228916,actual,0.2987951807228916,0.2987951807228916
TypeScript,2026-03,0.2623456790123457,actual,0.2623456790123457,0.2623456790123457
TypeScript,2026-04,0.24776119402985075,actual,0.24776119402985075,0.24776119402985075
TypeScript,2026-05,0.21406727828746178,actual,0.21406727828746178,0.21406727828746178
TypeScript,2026-06,0.2329192546583851,actual,0.2329192546583851,0.2329192546583851
TypeScript,2026-07,0.2423076923076923,actual,0.2423076923076923,0.2423076923076923
TypeScript,2026-08,0.2579862273307499,forecast,0.20169758882855157,0.3142748658329482
TypeScript,2026-09,0.2583689551098794,forecast,0.20208031660768108,0.31465759361207774
TypeScript,2026-10,0.2587085746833989,forecast,0.2024199361812006,0.31499721318559726
TypeScript,2026-11,0.2590099415060004,forecast,0.20272130300380206,0.3152985800081987
TypeScript,2026-12,0.2592773641425219,forecast,0.20298872564032358,0.31556600264472023
TypeScript,2027-01,0.25951466586640376,forecast,0.20322602736420545,0.3158033043686021
Python,2024-08,0.2123076923076923,actual,0.2123076923076923,0.2123076923076923
Python,2024-09,0.2565789473684211,actual,0.2565789473684211,0.2565789473684211
Python,2024-10,0.20606060606060606,actual,0.20606060606060606,0.20606060606060606
Python,2024-11,0.21069182389937108,actual,0.21069182389937108,0.21069182389937108
Python,2024-12,0.1787878787878788,actual,0.1787878787878788,0.1787878787878788
Python,2025-01,0.2246376811594203,actual,0.2246376811594203,0.2246376811594203
Python,2025-02,0.2196969696969697,actual,0.2196969696969697,0.2196969696969697
Python,2025-03,0.22033898305084745,actual,0.22033898305084745,0.22033898305084745
Python,2025-04,0.2168284789644013,actual,0.2168284789644013,0.2168284789644013
Python,2025-05,0.2582781456953642,actual,0.2582781456953642,0.2582781456953642
Python,2025-06,0.26519337016574585,actual,0.26519337016574585,0.26519337016574585
Python,2025-07,0.24850299401197604,actual,0.24850299401197604,0.24850299401197604
Python,2025-08,0.30194805194805197,actual,0.30194805194805197,0.30194805194805197
Python,2025-09,0.26578073089701,actual,0.26578073089701,0.26578073089701
Python,2025-10,0.2316715542521994,actual,0.2316715542521994,0.2316715542521994
Python,2025-11,0.23857868020304568,actual,0.23857868020304568,0.23857868020304568
Python,2025-12,0.24210526315789474,actual,0.24210526315789474,0.24210526315789474
Python,2026-01,0.23076923076923078,actual,0.23076923076923078,0.23076923076923078
Python,2026-02,0.2385542168674699,actual,0.2385542168674699,0.2385542168674699
Python,2026-03,0.2345679012345679,actual,0.2345679012345679,0.2345679012345679
Python,2026-04,0.2746268656716418,actual,0.2746268656716418,0.2746268656716418
Python,2026-05,0.26299694189602446,actual,0.26299694189602446,0.26299694189602446
Python,2026-06,0.2732919254658385,actual,0.2732919254658385,0.2732919254658385
Python,2026-07,0.22692307692307692,actual,0.22692307692307692,0.22692307692307692
Python,2026-08,0.2561548688568553,forecast,0.21105102336163745,0.30125871435207313
Python,2026-09,0.2567471519502394,forecast,0.21164330645502155,0.30185099744545724
Python,2026-10,0.25729260543837845,forecast,0.2121887599431606,0.3023964509335963
Python,2026-11,0.25779493196271525,forecast,0.2126910864674974,0.3028987774579331
Python,2026-12,0.25825754141070534,forecast,0.2131536959154875,0.3033613869059232
Python,2027-01,0.2586835740627781,forecast,0.21357972856756025,0.30378741955799593
React,2024-08,0.23076923076923078,actual,0.23076923076923078,0.23076923076923078
React,2024-09,0.25,actual,0.25,0.25
React,2024-10,0.2515151515151515,actual,0.2515151515151515,0.2515151515151515
React,2024-11,0.25471698113207547,actual,0.25471698113207547,0.25471698113207547
React,2024-12,0.18787878787878787,actual,0.18787878787878787,0.18787878787878787
React,2025-01,0.1956521739130435,actual,0.1956521739130435,0.1956521739130435
React,2025-02,0.2297979797979798,actual,0.2297979797979798,0.2297979797979798
React,2025-03,0.19491525423728814,actual,0.19491525423728814,0.19491525423728814
React,2025-04,0.255663430420712,actual,0.255663430420712,0.255663430420712
React,2025-05,0.26158940397350994,actual,0.26158940397350994,0.26158940397350994
React,2025-06,0.24585635359116023,actual,0.24585635359116023,0.24585635359116023
React,2025-07,0.2215568862275449,actual,0.2215568862275449,0.2215568862275449
React,2025-08,0.24675324675324675,actual,0.24675324675324675,0.24675324675324675
React,2025-09,0.2724252491694352,actual,0.2724252491694352,0.2724252491694352
React,2025-10,0.2316715542521994,actual,0.2316715542521994,0.2316715542521994
React,2025-11,0.2512690355329949,actual,0.2512690355329949,0.2512690355329949
React,2025-12,0.24736842105263157,actual,0.24736842105263157,0.24736842105263157
React,2026-01,0.2653846153846154,actual,0.2653846153846154,0.2653846153846154
React,2026-02,0.2457831325301205,actual,0.2457831325301205,0.2457831325301205
React,2026-03,0.2623456790123457,actual,0.2623456790123457,0.2623456790123457
React,2026-04,0.2417910447761194,actual,0.2417910447761194,0.2417910447761194
React,2026-05,0.21100917431192662,actual,0.21100917431192662,0.21100917431192662
React,2026-06,0.2360248447204969,actual,0.2360248447204969,0.2360248447204969
React,2026-07,0.25,actual,0.25,0.25
React,2026-08,0.24687326017144484,forecast,0.20444079600649945,0.28930572433639024
React,2026-09,0.24724652514108797,forecast,0.20481406097614258,0.28967898930603336
React,2026-10,0.24760102413427332,forecast,0.20516855996932792,0.2900334882992187
React,2026-11,0.24793770061449477,forecast,0.20550523644954938,0.29037016477944017
React,2026-12,0.24825745061241664,forecast,0.20582498644747124,0.29068991477736206
React,2027-01,0.24856112511056921,forecast,0.20612866094562382,0.2909935892755146
PostgreSQL,2024-08,0.12615384615384614,actual,0.12615384615384614,0.12615384615384614
PostgreSQL,2024-09,0.1513157894736842,actual,0.1513157894736842,0.1513157894736842
PostgreSQL,2024-10,0.13333333333333333,actual,0.13333333333333333,0.13333333333333333
PostgreSQL,2024-11,0.14465408805031446,actual,0.14465408805031446,0.14465408805031446
PostgreSQL,2024-12,0.12424242424242424,actual,0.12424242424242424,0.12424242424242424
PostgreSQL,2025-01,0.15942028985507245,actual,0.15942028985507245,0.15942028985507245
PostgreSQL,2025-02,0.13636363636363635,actual,0.13636363636363635,0.13636363636363635
PostgreSQL,2025-03,0.12994350282485875,actual,0.12994350282485875,0.12994350282485875
PostgreSQL,2025-04,0.1553398058252427,actual,0.1553398058252427,0.1553398058252427
PostgreSQL,2025-05,0.1291390728476821,actual,0.1291390728476821,0.1291390728476821
PostgreSQL,2025-06,0.16298342541436464,actual,0.16298342541436464,0.16298342541436464
PostgreSQL,2025-07,0.1437125748502994,actual,0.1437125748502994,0.1437125748502994
PostgreSQL,2025-08,0.1525974025974026,actual,0.1525974025974026,0.1525974025974026
PostgreSQL,2025-09,0.15614617940199335,actual,0.15614617940199335,0.15614617940199335
PostgreSQL,2025-10,0.1436950146627566,actual,0.1436950146627566,0.1436950146627566
PostgreSQL,2025-11,0.1649746192893401,actual,0.1649746192893401,0.1649746192893401
PostgreSQL,2025-12,0.19210526315789472,actual,0.19210526315789472,0.19210526315789472
PostgreSQL,2026-01,0.17307692307692307,actual,0.17307692307692307,0.17307692307692307
PostgreSQL,2026-02,0.20481927710843373,actual,0.20481927710843373,0.20481927710843373
PostgreSQL,2026-03,0.2037037037037037,actual,0.2037037037037037,0.2037037037037037
PostgreSQL,2026-04,0.1791044776119403,actual,0.1791044776119403,0.1791044776119403
PostgreSQL,2026-05,0.1743119266055046,actual,0.1743119266055046,0.1743119266055046
PostgreSQL,2026-06,0.18322981366459629,actual,0.18322981366459629,0.18322981366459629
PostgreSQL,2026-07,0.16538461538461538,actual,0.16538461538461538,0.16538461538461538
PostgreSQL,2026-08,0.18876803412274776,forecast,0.15951063688476877,0.21802543136072675
PostgreSQL,2026-09,0.19113092940668577,forecast,0.16187353216870679,0.22038832664466476
PostgreSQL,2026-10,0.1934820102142041,forecast,0.16422461297622512,0.2227394074521831
PostgreSQL,2026-11,0.19582133561768483,forecast,0.16656393837970584,0.22507873285566382
PostgreSQL,2026-12,0.19814896439414817,forecast,0.16889156715616918,0.22740636163212716
PostgreSQL,2027-01,0.2004649550267292,forecast,0.17120755778875021,0.2297223522647082
AWS,2024-08,0.13538461538461538,actual,0.13538461538461538,0.13538461538461538
AWS,2024-09,0.14144736842105263,actual,0.14144736842105263,0.14144736842105263
AWS,2024-10,0.1606060606060606,actual,0.1606060606060606,0.1606060606060606
AWS,2024-11,0.15723270440251572,actual,0.15723270440251572,0.15723270440251572
AWS,2024-12,0.13333333333333333,actual,0.13333333333333333,0.13333333333333333
AWS,2025-01,0.15217391304347827,actual,0.15217391304347827,0.15217391304347827
AWS,2025-02,0.15656565656565657,actual,0.15656565656565657,0.15656565656565657
AWS,2025-03,0.13559322033898305,actual,0.13559322033898305,0.13559322033898305
AWS,2025-04,0.1262135922330097,actual,0.1262135922330097,0.1262135922330097
AWS,2025-05,0.1390728476821192,actual,0.1390728476821192,0.1390728476821192
AWS,2025-06,0.18232044198895028,actual,0.18232044198895028,0.18232044198895028
AWS,2025-07,0.16766467065868262,actual,0.16766467065868262,0.16766467065868262
AWS,2025-08,0.16558441558441558,actual,0.16558441558441558,0.16558441558441558
AWS,2025-09,0.1362126245847176,actual,0.1362126245847176,0.1362126245847176
AWS,2025-10,0.1378299120234604,actual,0.1378299120234604,0.1378299120234604
AWS,2025-11,0.1598984771573604,actual,0.1598984771573604,0.1598984771573604
AWS,2025-12,0.13157894736842105,actual,0.13157894736842105,0.13157894736842105
AWS,2026-01,0.15,actual,0.15,0.15
AWS,2026-02,0.18072289156626506,actual,0.18072289156626506,0.18072289156626506
AWS,2026-03,0.1697530864197531,actual,0.1697530864197531,0.1697530864197531
AWS,2026-04,0.16417910447761194,actual,0.16417910447761194,0.16417910447761194
AWS,2026-05,0.18042813455657492,actual,0.18042813455657492,0.18042813455657492
AWS,2026-06,0.13043478260869565,actual,0.13043478260869565,0.13043478260869565
AWS,2026-07,0.1346153846153846,actual,0.1346153846153846,0.1346153846153846
AWS,2026-08,0.15653572565244755,forecast,0.12363608372511842,0.1894353675797767
AWS,2026-09,0.15680798718407363,forecast,0.12390834525674449,0.18970762911140276
AWS,2026-10,0.15706766323173568,forecast,0.12416802130440655,0.18996730515906482
AWS,2026-11,0.15731533556842847,forecast,0.12441569364109933,0.1902149774957576
AWS,2026-12,0.1575515590742741,forecast,0.12465191714694496,0.19045120100160323
AWS,2027-01,0.15777686297966428,forecast,0.12487722105233515,0.19067650490699342
JavaScript,2024-08,0.15076923076923077,actual,0.15076923076923077,0.15076923076923077
JavaScript,2024-09,0.14473684210526316,actual,0.14473684210526316,0.14473684210526316
JavaScript,2024-10,0.1303030303030303,actual,0.1303030303030303,0.1303030303030303
JavaScript,2024-11,0.11006289308176101,actual,0.11006289308176101,0.11006289308176101
JavaScript,2024-12,0.13333333333333333,actual,0.13333333333333333,0.13333333333333333
JavaScript,2025-01,0.12681159420289856,actual,0.12681159420289856,0.12681159420289856
JavaScript,2025-02,0.12626262626262627,actual,0.12626262626262627,0.12626262626262627
JavaScript,2025-03,0.11016949152542373,actual,0.11016949152542373,0.11016949152542373
JavaScript,2025-04,0.16181229773462782,actual,0.16181229773462782,0.16181229773462782
JavaScript,2025-05,0.17549668874172186,actual,0.17549668874172186,0.17549668874172186
JavaScript,2025-06,0.14917127071823205,actual,0.14917127071823205,0.14917127071823205
JavaScript,2025-07,0.1407185628742515,actual,0.1407185628742515,0.1407185628742515
JavaScript,2025-08,0.17857142857142858,actual,0.17857142857142858,0.17857142857142858
JavaScript,2025-09,0.16279069767441862,actual,0.16279069767441862,0.16279069767441862
JavaScript,2025-10,0.14076246334310852,actual,0.14076246334310852,0.14076246334310852
JavaScript,2025-11,0.14974619289340102,actual,0.14974619289340102,0.14974619289340102
JavaScript,2025-12,0.14736842105263157,actual,0.14736842105263157,0.14736842105263157
JavaScript,2026-01,0.18076923076923077,actual,0.18076923076923077,0.18076923076923077
JavaScript,2026-02,0.1493975903614458,actual,0.1493975903614458,0.1493975903614458
JavaScript,2026-03,0.2006172839506173,actual,0.2006172839506173,0.2006172839506173
JavaScript,2026-04,0.1791044776119403,actual,0.1791044776119403,0.1791044776119403
JavaScript,2026-05,0.1529051987767584,actual,0.1529051987767584,0.1529051987767584
JavaScript,2026-06,0.15217391304347827,actual,0.15217391304347827,0.15217391304347827
JavaScript,2026-07,0.1423076923076923,actual,0.1423076923076923,0.1423076923076923
JavaScript,2026-08,0.1665670353953499,forecast,0.12987621181248374,0.20325785897821605
JavaScript,2026-09,0.16749681918744855,forecast,0.1308059956045824,0.2041876427703147
JavaScript,2026-10,0.1683910431610079,forecast,0.13170021957814174,0.20508186674387405
JavaScript,2026-11,0.16925106731036774,forecast,0.13256024372750158,0.2059418908932339
JavaScript,2026-12,0.17007819961653717,forecast,0.133387376033671,0.20676902319940332
JavaScript,2027-01,0.17087369803645763,forecast,0.13418287445359148,0.2075645216193238
Machine Learning,2024-08,0.16615384615384615,actual,0.16615384615384615,0.16615384615384615
Machine Learning,2024-09,0.1513157894736842,actual,0.1513157894736842,0.1513157894736842
Machine Learning,2024-10,0.13636363636363635,actual,0.13636363636363635,0.13636363636363635
Machine Learning,2024-11,0.16352201257861634,actual,0.16352201257861634,0.16352201257861634
Machine Learning,2024-12,0.11818181818181818,actual,0.11818181818181818,0.11818181818181818
Machine Learning,2025-01,0.13768115942028986,actual,0.13768115942028986,0.13768115942028986
Machine Learning,2025-02,0.14898989898989898,actual,0.14898989898989898,0.14898989898989898
Machine Learning,2025-03,0.1384180790960452,actual,0.1384180790960452,0.1384180790960452
Machine Learning,2025-04,0.1553398058252427,actual,0.1553398058252427,0.1553398058252427
Machine Learning,2025-05,0.16556291390728478,actual,0.16556291390728478,0.16556291390728478
Machine Learning,2025-06,0.13259668508287292,actual,0.13259668508287292,0.13259668508287292
Machine Learning,2025-07,0.1437125748502994,actual,0.1437125748502994,0.1437125748502994
Machine Learning,2025-08,0.1590909090909091,actual,0.1590909090909091,0.1590909090909091
Machine Learning,2025-09,0.15282392026578073,actual,0.15282392026578073,0.15282392026578073
Machine Learning,2025-10,0.17888563049853373,actual,0.17888563049853373,0.17888563049853373
Machine Learning,2025-11,0.15736040609137056,actual,0.15736040609137056,0.15736040609137056
Machine Learning,2025-12,0.14473684210526316,actual,0.14473684210526316,0.14473684210526316
Machine Learning,2026-01,0.15384615384615385,actual,0.15384615384615385,0.15384615384615385
Machine Learning,2026-02,0.12771084337349398,actual,0.12771084337349398,0.12771084337349398
Machine Learning,2026-03,0.13580246913580246,actual,0.13580246913580246,0.13580246913580246
Machine Learning,2026-04,0.14029850746268657,actual,0.14029850746268657,0.14029850746268657
Machine Learning,2026-05,0.1559633027522936,actual,0.1559633027522936,0.1559633027522936
Machine Learning,2026-06,0.14596273291925466,actual,0.14596273291925466,0.14596273291925466
Machine Learning,2026-07,0.12307692307692308,actual,0.12307692307692308,0.12307692307692308
Machine Learning,2026-08,0.14341878524408944,forecast,0.11557318963561736,0.17126438085256152
Machine Learning,2026-09,0.1431405637593024,forecast,0.11529496815083032,0.17098615936777448
Machine Learning,2026-10,0.14286488165727732,forecast,0.11501928604880524,0.1707104772657494
Machine Learning,2026-11,0.14259171576056326,forecast,0.11474612015209118,0.17043731136903534
Machine Learning,2026-12,0.14232104310325452,forecast,0.11447544749478245,0.1701666387117266
Machine Learning,2027-01,0.14205284092905973,forecast,0.11420724532058765,0.1698984365375318
Go,2024-08,0.1076923076923077,actual,0.1076923076923077,0.1076923076923077
Go,2024-09,0.11842105263157894,actual,0.11842105263157894,0.11842105263157894
Go,2024-10,0.13636363636363635,actual,0.13636363636363635,0.13636363636363635
Go,2024-11,0.1069182389937107,actual,0.1069182389937107,0.1069182389937107
Go,2024-12,0.1,actual,0.1,0.1
Go,2025-01,0.10507246376811594,actual,0.10507246376811594,0.10507246376811594
Go,2025-02,0.13131313131313133,actual,0.13131313131313133,0.13131313131313133
Go,2025-03,0.1384180790960452,actual,0.1384180790960452,0.1384180790960452
Go,2025-04,0.1553398058252427,actual,0.1553398058252427,0.1553398058252427
Go,2025-05,0.16887417218543047,actual,0.16887417218543047,0.16887417218543047
Go,2025-06,0.13535911602209943,actual,0.13535911602209943,0.13535911602209943
Go,2025-07,0.1407185628742515,actual,0.1407185628742515,0.1407185628742515
Go,2025-08,0.13636363636363635,actual,0.13636363636363635,0.13636363636363635
Go,2025-09,0.13953488372093023,actual,0.13953488372093023,0.13953488372093023
Go,2025-10,0.11143695014662756,actual,0.11143695014662756,0.11143695014662756
Go,2025-11,0.13451776649746192,actual,0.13451776649746192,0.13451776649746192
Go,2025-12,0.11842105263157894,actual,0.11842105263157894,0.11842105263157894
Go,2026-01,0.13076923076923078,actual,0.13076923076923078,0.13076923076923078
Go,2026-02,0.12530120481927712,actual,0.12530120481927712,0.12530120481927712
Go,2026-03,0.10493827160493827,actual,0.10493827160493827,0.10493827160493827
Go,2026-04,0.13134328358208955,actual,0.13134328358208955,0.13134328358208955
Go,2026-05,0.12844036697247707,actual,0.12844036697247707,0.12844036697247707
Go,2026-06,0.14596273291925466,actual,0.14596273291925466,0.14596273291925466
Go,2026-07,0.12307692307692308,actual,0.12307692307692308,0.12307692307692308
Go,2026-08,0.129647433012771,forecast,0.09802437352712964,0.16127049249841238
Go,2026-09,0.12968181874724172,forecast,0.09805875926160035,0.1613048782328831
Go,2026-10,0.12970992711614157,forecast,0.0980868676305002,0.16133298660178294
Go,2026-11,0.129732904098148,forecast,0.09810984461250663,0.16135596358378937
Go,2026-12,0.1297516864652076,forecast,0.09812862697956623,0.16137474595084897
Go,2027-01,0.12976703997474434,forecast,0.09814398048910297,0.1613900994603857
Node.js,2024-08,0.08923076923076922,actual,0.08923076923076922,0.08923076923076922
Node.js,2024-09,0.07236842105263158,actual,0.07236842105263158,0.07236842105263158
Node.js,2024-10,0.07878787878787878,actual,0.07878787878787878,0.07878787878787878
Node.js,2024-11,0.07861635220125786,actual,0.07861635220125786,0.07861635220125786
Node.js,2024-12,0.07575757575757576,actual,0.07575757575757576,0.07575757575757576
Node.js,2025-01,0.07246376811594203,actual,0.07246376811594203,0.07246376811594203
Node.js,2025-02,0.07828282828282829,actual,0.07828282828282829,0.07828282828282829
Node.js,2025-03,0.06779661016949153,actual,0.06779661016949153,0.06779661016949153
Node.js,2025-04,0.08414239482200647,actual,0.08414239482200647,0.08414239482200647
Node.js,2025-05,0.09602649006622517,actual,0.09602649006622517,0.09602649006622517
Node.js,2025-06,0.09668508287292818,actual,0.09668508287292818,0.09668508287292818
Node.js,2025-07,0.09281437125748503,actual,0.09281437125748503,0.09281437125748503
Node.js,2025-08,0.10714285714285714,actual,0.10714285714285714,0.10714285714285714
Node.js,2025-09,0.10963455149501661,actual,0.10963455149501661,0.10963455149501661
Node.js,2025-10,0.10850439882697947,actual,0.10850439882697947,0.10850439882697947
Node.js,2025-11,0.1116751269035533,actual,0.1116751269035533,0.1116751269035533
Node.js,2025-12,0.1,actual,0.1,0.1
Node.js,2026-01,0.1076923076923077,actual,0.1076923076923077,0.1076923076923077
Node.js,2026-02,0.10361445783132531,actual,0.10361445783132531,0.10361445783132531
Node.js,2026-03,0.11419753086419752,actual,0.11419753086419752,0.11419753086419752
Node.js,2026-04,0.08358208955223881,actual,0.08358208955223881,0.08358208955223881
Node.js,2026-05,0.09480122324159021,actual,0.09480122324159021,0.09480122324159021
Node.js,2026-06,0.07142857142857142,actual,0.07142857142857142,0.07142857142857142
Node.js,2026-07,0.08846153846153847,actual,0.08846153846153847,0.08846153846153847
Node.js,2026-08,0.08575760311260022,forecast,0.06501577458239836,0.10649943164280208
Node.js,2026-09,0.08591908414379835,forecast,0.0651772556135965,0.10666091267400021
Node.js,2026-10,0.08607888990065475,forecast,0.06533706137045289,0.10682071843085661
Node.js,2026-11,0.0862370377631929,forecast,0.06549520923299104,0.10697886629339476
Node.js,2026-12,0.08639354493112843,forecast,0.06565171640092657,0.10713537346133029
Node.js,2027-01,0.0865484284257396,forecast,0.06580659989553775,0.10729025695594147
Kubernetes,2024-08,0.07692307692307693,actual,0.07692307692307693,0.07692307692307693
Kubernetes,2024-09,0.08552631578947369,actual,0.08552631578947369,0.08552631578947369
Kubernetes,2024-10,0.08484848484848485,actual,0.08484848484848485,0.08484848484848485
Kubernetes,2024-11,0.0880503144654088,actual,0.0880503144654088,0.0880503144654088
Kubernetes,2024-12,0.07272727272727272,actual,0.07272727272727272,0.07272727272727272
Kubernetes,2025-01,0.07246376811594203,actual,0.07246376811594203,0.07246376811594203
Kubernetes,2025-02,0.09343434343434344,actual,0.09343434343434344,0.09343434343434344
Kubernetes,2025-03,0.08757062146892655,actual,0.08757062146892655,0.08757062146892655
Kubernetes,2025-04,0.10032362459546926,actual,0.10032362459546926,0.10032362459546926
Kubernetes,2025-05,0.11589403973509933,actual,0.11589403973509933,0.11589403973509933
Kubernetes,2025-06,0.09944751381215469,actual,0.09944751381215469,0.09944751381215469
Kubernetes,2025-07,0.11676646706586827,actual,0.11676646706586827,0.11676646706586827
Kubernetes,2025-08,0.09415584415584416,actual,0.09415584415584416,0.09415584415584416
Kubernetes,2025-09,0.08970099667774087,actual,0.08970099667774087,0.08970099667774087
Kubernetes,2025-10,0.08504398826979472,actual,0.08504398826979472,0.08504398826979472
Kubernetes,2025-11,0.07614213197969544,actual,0.07614213197969544,0.07614213197969544
Kubernetes,2025-12,0.07894736842105263,actual,0.07894736842105263,0.07894736842105263
Kubernetes,2026-01,0.09615384615384616,actual,0.09615384615384616,0.09615384615384616
Kubernetes,2026-02,0.11325301204819277,actual,0.11325301204819277,0.11325301204819277
Kubernetes,2026-03,0.10493827160493827,actual,0.10493827160493827,0.10493827160493827
Kubernetes,2026-04,0.08955223880597014,actual,0.08955223880597014,0.08955223880597014
Kubernetes,2026-05,0.07033639143730887,actual,0.07033639143730887,0.07033639143730887
Kubernetes,2026-06,0.08695652173913043,actual,0.08695652173913043,0.08695652173913043
Kubernetes,2026-07,0.06153846153846154,actual,0.06153846153846154,0.06153846153846154
Kubernetes,2026-08,0.06607195525389115,forecast,0.03963326564777708,0.09251064486000521
Kubernetes,2026-09,0.06594730269922114,forecast,0.039508613093107076,0.0923859923053352
Kubernetes,2026-10,0.06582582088365191,forecast,0.039387131277537846,0.09226451048976597
Kubernetes,2026-11,0.0657074291543122,forecast,0.03926873954819814,0.09214611876042626
Kubernetes,2026-12,0.06559204890986683,forecast,0.03915335930375277,0.0920307385159809
Kubernetes,2027-01,0.06547960354833253,forecast,0.039040913942218466,0.09191829315444659
Rust,2024-08,0.08,actual,0.08,0.08
Rust,2024-09,0.0756578947368421,actual,0.0756578947368421,0.0756578947368421
Rust,2024-10,0.0696969696969697,actual,0.0696969696969697,0.0696969696969697
Rust,2024-11,0.059748427672955975,actual,0.059748427672955975,0.059748427672955975
Rust,2024-12,0.05454545454545454,actual,0.05454545454545454,0.05454545454545454
Rust,2025-01,0.06521739130434782,actual,0.06521739130434782,0.06521739130434782
Rust,2025-02,0.0707070707070707,actual,0.0707070707070707,0.0707070707070707
Rust,2025-03,0.05367231638418079,actual,0.05367231638418079,0.05367231638418079
Rust,2025-04,0.08090614886731391,actual,0.08090614886731391,0.08090614886731391
Rust,2025-05,0.11258278145695365,actual,0.11258278145695365,0.11258278145695365
Rust,2025-06,0.08839779005524862,actual,0.08839779005524862,0.08839779005524862
Rust,2025-07,0.07784431137724551,actual,0.07784431137724551,0.07784431137724551
Rust,2025-08,0.08766233766233766,actual,0.08766233766233766,0.08766233766233766
Rust,2025-09,0.0664451827242525,actual,0.0664451827242525,0.0664451827242525
Rust,2025-10,0.07331378299120235,actual,0.07331378299120235,0.07331378299120235
Rust,2025-11,0.06091370558375635,actual,0.06091370558375635,0.06091370558375635
Rust,2025-12,0.08157894736842106,actual,0.08157894736842106,0.08157894736842106
Rust,2026-01,0.08461538461538462,actual,0.08461538461538462,0.08461538461538462
Rust,2026-02,0.09397590361445783,actual,0.09397590361445783,0.09397590361445783
Rust,2026-03,0.08024691358024691,actual,0.08024691358024691,0.08024691358024691
Rust,2026-04,0.08955223880597014,actual,0.08955223880597014,0.08955223880597014
Rust,2026-05,0.0856269113149847,actual,0.0856269113149847,0.0856269113149847
Rust,2026-06,0.08385093167701864,actual,0.08385093167701864,0.08385093167701864
Rust,2026-07,0.10384615384615385,actual,0.10384615384615385,0.10384615384615385
Rust,2026-08,0.09073040966506403,forecast,0.06643194106145872,0.11502887826866934
Rust,2026-09,0.09167444202018653,forecast,0.06737597341658122,0.11597291062379184
Rust,2026-10,0.09261375421353342,forecast,0.06831528560992811,0.11691222281713873
Rust,2026-11,0.09354836984591358,forecast,0.06924990124230827,0.11784683844951889
Rust,2026-12,0.09447831240013184,forecast,0.07017984379652653,0.11877678100373715
Rust,2027-01,0.09540360524157901,forecast,0.0711051366379737,0.11970207384518432
LLM,2024-08,0.05846153846153846,actual,0.05846153846153846,0.05846153846153846
LLM,2024-09,0.06907894736842106,actual,0.06907894736842106,0.06907894736842106
LLM,2024-10,0.03636363636363636,actual,0.03636363636363636,0.03636363636363636
LLM,2024-11,0.05660377358490566,actual,0.05660377358490566,0.05660377358490566
LLM,2024-12,0.03636363636363636,actual,0.03636363636363636,0.03636363636363636
LLM,2025-01,0.043478260869565216,actual,0.043478260869565216,0.043478260869565216
LLM,2025-02,0.04040404040404041,actual,0.04040404040404041,0.04040404040404041
LLM,2025-03,0.0480225988700565,actual,0.0480225988700565,0.0480225988700565
LLM,2025-04,0.08090614886731391,actual,0.08090614886731391,0.08090614886731391
LLM,2025-05,0.06622516556291391,actual,0.06622516556291391,0.06622516556291391
LLM,2025-06,0.07734806629834254,actual,0.07734806629834254,0.07734806629834254
LLM,2025-07,0.11676646706586827,actual,0.11676646706586827,0.11676646706586827
LLM,2025-08,0.09415584415584416,actual,0.09415584415584416,0.09415584415584416
LLM,2025-09,0.09966777408637874,actual,0.09966777408637874,0.09966777408637874
LLM,2025-10,0.07624633431085044,actual,0.07624633431085044,0.07624633431085044
LLM,2025-11,0.08121827411167512,actual,0.08121827411167512,0.08121827411167512
LLM,2025-12,0.07894736842105263,actual,0.07894736842105263,0.07894736842105263
LLM,2026-01,0.11153846153846154,actual,0.11153846153846154,0.11153846153846154
LLM,2026-02,0.08433734939759036,actual,0.08433734939759036,0.08433734939759036
LLM,2026-03,0.06790123456790123,actual,0.06790123456790123,0.06790123456790123
LLM,2026-04,0.11044776119402985,actual,0.11044776119402985,0.11044776119402985
LLM,2026-05,0.10091743119266056,actual,0.10091743119266056,0.10091743119266056
LLM,2026-06,0.11180124223602485,actual,0.11180124223602485,0.11180124223602485
LLM,2026-07,0.12692307692307692,actual,0.12692307692307692,0.12692307692307692
LLM,2026-08,0.11402313372269553,forecast,0.08126885668858634,0.14677741075680473
LLM,2026-09,0.11678604158998351,forecast,0.08403176455587433,0.1495403186240927
LLM,2026-10,0.11953513491793506,forecast,0.08678085788382588,0.15228941195204426
LLM,2026-11,0.12227048277924686,forecast,0.08951620574513768,0.15502475981335606
LLM,2026-12,0.1249921539012521,forecast,0.09223787686714291,0.15774643093536128
LLM,2027-01,0.1277002166676473,forecast,0.09494593963353812,0.1604544937017565
Next.js,2024-08,0.055384615384615386,actual,0.055384615384615386,0.055384615384615386
Next.js,2024-09,0.05592105263157895,actual,0.05592105263157895,0.05592105263157895
Next.js,2024-10,0.045454545454545456,actual,0.045454545454545456,0.045454545454545456
Next.js,2024-11,0.059748427672955975,actual,0.059748427672955975,0.059748427672955975
Next.js,2024-12,0.03939393939393939,actual,0.03939393939393939,0.03939393939393939
Next.js,2025-01,0.04710144927536232,actual,0.04710144927536232,0.04710144927536232
Next.js,2025-02,0.05555555555555555,actual,0.05555555555555555,0.05555555555555555
Next.js,2025-03,0.04519774011299435,actual,0.04519774011299435,0.04519774011299435
Next.js,2025-04,0.0744336569579288,actual,0.0744336569579288,0.0744336569579288
Next.js,2025-05,0.056291390728476824,actual,0.056291390728476824,0.056291390728476824
Next.js,2025-06,0.055248618784530384,actual,0.055248618784530384,0.055248618784530384
Next.js,2025-07,0.038922155688622756,actual,0.038922155688622756,0.038922155688622756
Next.js,2025-08,0.04220779220779221,actual,0.04220779220779221,0.04220779220779221
Next.js,2025-09,0.06976744186046512,actual,0.06976744186046512,0.06976744186046512
Next.js,2025-10,0.0469208211143695,actual,0.0469208211143695,0.0469208211143695
Next.js,2025-11,0.06345177664974619,actual,0.06345177664974619,0.06345177664974619
Next.js,2025-12,0.07105263157894737,actual,0.07105263157894737,0.07105263157894737
Next.js,2026-01,0.08461538461538462,actual,0.08461538461538462,0.08461538461538462
Next.js,2026-02,0.06746987951807229,actual,0.06746987951807229,0.06746987951807229
Next.js,2026-03,0.07716049382716049,actual,0.07716049382716049,0.07716049382716049
Next.js,2026-04,0.06865671641791045,actual,0.06865671641791045,0.06865671641791045
Next.js,2026-05,0.06116207951070336,actual,0.06116207951070336,0.06116207951070336
Next.js,2026-06,0.07453416149068323,actual,0.07453416149068323,0.07453416149068323
Next.js,2026-07,0.05384615384615385,actual,0.05384615384615385,0.05384615384615385
Next.js,2026-08,0.0699665819499391,forecast,0.048937404616149566,0.09099575928372863
Next.js,2026-09,0.0708249148337494,forecast,0.04979573749995987,0.09185409216753894
Next.js,2026-10,0.07167886307552496,forecast,0.05064968574173542,0.09270804040931449
Next.js,2026-11,0.07252844907343567,forecast,0.051499271739646135,0.0935576264072252
Next.js,2026-12,0.07337369511123436,forecast,0.052344517777444824,0.09440287244502389
Next.js,2027-01,0.07421462335884121,forecast,0.05318544602505168,0.09524380069263075
GCP,2024-08,0.04,actual,0.04,0.04
GCP,2024-09,0.03618421052631579,actual,0.03618421052631579,0.03618421052631579
GCP,2024-10,0.051515151515151514,actual,0.051515151515151514,0.051515151515151514
GCP,2024-11,0.03773584905660377,actual,0.03773584905660377,0.03773584905660377
GCP,2024-12,0.03939393939393939,actual,0.03939393939393939,0.03939393939393939
GCP,2025-01,0.04710144927536232,actual,0.04710144927536232,0.04710144927536232
GCP,2025-02,0.05555555555555555,actual,0.05555555555555555,0.05555555555555555
GCP,2025-03,0.062146892655367235,actual,0.062146892655367235,0.062146892655367235
GCP,2025-04,0.05177993527508091,actual,0.05177993527508091,0.05177993527508091
GCP,2025-05,0.07947019867549669,actual,0.07947019867549669,0.07947019867549669
GCP,2025-06,0.06629834254143646,actual,0.06629834254143646,0.06629834254143646
GCP,2025-07,0.06287425149700598,actual,0.06287425149700598,0.06287425149700598
GCP,2025-08,0.048701298701298704,actual,0.048701298701298704,0.048701298701298704
GCP,2025-09,0.07641196013289037,actual,0.07641196013289037,0.07641196013289037
GCP,2025-10,0.06744868035190615,actual,0.06744868035190615,0.06744868035190615
GCP,2025-11,0.06852791878172589,actual,0.06852791878172589,0.06852791878172589
GCP,2025-12,0.05,actual,0.05,0.05
GCP,2026-01,0.05384615384615385,actual,0.05384615384615385,0.05384615384615385
GCP,2026-02,0.0746987951807229,actual,0.0746987951807229,0.0746987951807229
GCP,2026-03,0.05246913580246913,actual,0.05246913580246913,0.05246913580246913
GCP,2026-04,0.04477611940298507,actual,0.04477611940298507,0.04477611940298507
GCP,2026-05,0.06116207951070336,actual,0.06116207951070336,0.06116207951070336
GCP,2026-06,0.031055900621118012,actual,0.031055900621118012,0.031055900621118012
GCP,2026-07,0.06153846153846154,actual,0.06153846153846154,0.06153846153846154
GCP,2026-08,0.05993000081696132,forecast,0.037876446538201464,0.08198355509572118
GCP,2026-09,0.059952910771276735,forecast,0.03789935649251688,0.08200646505003659
GCP,2026-10,0.059971238734729065,forecast,0.03791768445596921,0.08202479301348892
GCP,2026-11,0.05998590110549093,forecast,0.03793234682673107,0.08203945538425078
GCP,2026-12,0.05999763100210042,forecast,0.03794407672334056,0.08205118528086028
GCP,2027-01,0.060007014919388015,forecast,0.037953460640628156,0.08206056919814787
Terraform,2024-08,0.04,actual,0.04,0.04
Terraform,2024-09,0.05921052631578947,actual,0.05921052631578947,0.05921052631578947
Terraform,2024-10,0.045454545454545456,actual,0.045454545454545456,0.045454545454545456
Terraform,2024-11,0.04716981132075472,actual,0.04716981132075472,0.04716981132075472
Terraform,2024-12,0.04242424242424243,actual,0.04242424242424243,0.04242424242424243
Terraform,2025-01,0.050724637681159424,actual,0.050724637681159424,0.050724637681159424
Terraform,2025-02,0.06060606060606061,actual,0.06060606060606061,0.06060606060606061
Terraform,2025-03,0.05084745762711865,actual,0.05084745762711865,0.05084745762711865
Terraform,2025-04,0.045307443365695796,actual,0.045307443365695796,0.045307443365695796
Terraform,2025-05,0.059602649006622516,actual,0.059602649006622516,0.059602649006622516
Terraform,2025-06,0.06353591160220995,actual,0.06353591160220995,0.06353591160220995
Terraform,2025-07,0.05688622754491018,actual,0.05688622754491018,0.05688622754491018
Terraform,2025-08,0.032467532467532464,actual,0.032467532467532464,0.032467532467532464
Terraform,2025-09,0.05647840531561462,actual,0.05647840531561462,0.05647840531561462
Terraform,2025-10,0.03812316715542522,actual,0.03812316715542522,0.03812316715542522
Terraform,2025-11,0.0583756345177665,actual,0.0583756345177665,0.0583756345177665
Terraform,2025-12,0.060526315789473685,actual,0.060526315789473685,0.060526315789473685
Terraform,2026-01,0.05,actual,0.05,0.05
Terraform,2026-02,0.06987951807228916,actual,0.06987951807228916,0.06987951807228916
Terraform,2026-03,0.05246913580246913,actual,0.05246913580246913,0.05246913580246913
Terraform,2026-04,0.05373134328358209,actual,0.05373134328358209,0.05373134328358209
Terraform,2026-05,0.05504587155963303,actual,0.05504587155963303,0.05504587155963303
Terraform,2026-06,0.06521739130434782,actual,0.06521739130434782,0.06521739130434782
Terraform,2026-07,0.038461538461538464,actual,0.038461538461538464,0.038461538461538464
Terraform,2026-08,0.05555358640076789,forecast,0.0377751815847289,0.07333199121680689
Terraform,2026-09,0.05575351787922172,forecast,0.03797511306318273,0.07353192269526071
Terraform,2026-10,0.05594699854709296,forecast,0.03816859373105397,0.07372540336313195
Terraform,2026-11,0.05613423654047653,forecast,0.03835583172443754,0.07391264135651551
Terraform,2026-12,0.056315433279933894,forecast,0.0385370284638949,0.07409383809597289
Terraform,2027-01,0.056490783687170545,forecast,0.038712378871131554,0.07426918850320954
Docker,2024-08,0.04,actual,0.04,0.04
Docker,2024-09,0.046052631578947366,actual,0.046052631578947366,0.046052631578947366
Docker,2024-10,0.030303030303030304,actual,0.030303030303030304,0.030303030303030304
Docker,2024-11,0.025157232704402517,actual,0.025157232704402517,0.025157232704402517
Docker,2024-12,0.024242424242424242,actual,0.024242424242424242,0.024242424242424242
Docker,2025-01,0.06521739130434782,actual,0.06521739130434782,0.06521739130434782
Docker,2025-02,0.047979797979797977,actual,0.047979797979797977,0.047979797979797977
Docker,2025-03,0.05649717514124294,actual,0.05649717514124294,0.05649717514124294
Docker,2025-04,0.04854368932038835,actual,0.04854368932038835,0.04854368932038835
Docker,2025-05,0.052980132450331126,actual,0.052980132450331126,0.052980132450331126
Docker,2025-06,0.058011049723756904,actual,0.058011049723756904,0.058011049723756904
Docker,2025-07,0.04491017964071856,actual,0.04491017964071856,0.04491017964071856
Docker,2025-08,0.06168831168831169,actual,0.06168831168831169,0.06168831168831169
Docker,2025-09,0.053156146179401995,actual,0.053156146179401995,0.053156146179401995
Docker,2025-10,0.04985337243401759,actual,0.04985337243401759,0.04985337243401759
Docker,2025-11,0.06091370558375635,actual,0.06091370558375635,0.06091370558375635
Docker,2025-12,0.05,actual,0.05,0.05
Docker,2026-01,0.05,actual,0.05,0.05
Docker,2026-02,0.060240963855421686,actual,0.060240963855421686,0.060240963855421686
Docker,2026-03,0.08333333333333333,actual,0.08333333333333333,0.08333333333333333
Docker,2026-04,0.06865671641791045,actual,0.06865671641791045,0.06865671641791045
Docker,2026-05,0.05198776758409786,actual,0.05198776758409786,0.05198776758409786
Docker,2026-06,0.049689440993788817,actual,0.049689440993788817,0.049689440993788817
Docker,2026-07,0.038461538461538464,actual,0.038461538461538464,0.038461538461538464
Docker,2026-08,0.05766728731221453,forecast,0.03603359702244173,0.07930097760198733
Docker,2026-09,0.05777613129290841,forecast,0.0361424410031356,0.07940982158268121
Docker,2026-10,0.05787031342183992,forecast,0.03623662313206712,0.07950400371161272
Docker,2026-11,0.057951808726895135,forecast,0.036318118437122335,0.07958549901666793
Docker,2026-12,0.05802232618940516,forecast,0.03638863589963236,0.07965601647917796
Docker,2027-01,0.05808334458200439,forecast,0.036449654292231584,0.0797170348717772
Computer Vision,2024-08,0.036923076923076927,actual,0.036923076923076927,0.036923076923076927
Computer Vision,2024-09,0.05592105263157895,actual,0.05592105263157895,0.05592105263157895
Computer Vision,2024-10,0.030303030303030304,actual,0.030303030303030304,0.030303030303030304
Computer Vision,2024-11,0.031446540880503145,actual,0.031446540880503145,0.031446540880503145
Computer Vision,2024-12,0.024242424242424242,actual,0.024242424242424242,0.024242424242424242
Computer Vision,2025-01,0.036231884057971016,actual,0.036231884057971016,0.036231884057971016
Computer Vision,2025-02,0.027777777777777776,actual,0.027777777777777776,0.027777777777777776
Computer Vision,2025-03,0.04519774011299435,actual,0.04519774011299435,0.04519774011299435
Computer Vision,2025-04,0.038834951456310676,actual,0.038834951456310676,0.038834951456310676
Computer Vision,2025-05,0.04966887417218543,actual,0.04966887417218543,0.04966887417218543
Computer Vision,2025-06,0.04143646408839779,actual,0.04143646408839779,0.04143646408839779
Computer Vision,2025-07,0.05389221556886228,actual,0.05389221556886228,0.05389221556886228
Computer Vision,2025-08,0.05519480519480519,actual,0.05519480519480519,0.05519480519480519
Computer Vision,2025-09,0.04983388704318937,actual,0.04983388704318937,0.04983388704318937
Computer Vision,2025-10,0.04985337243401759,actual,0.04985337243401759,0.04985337243401759
Computer Vision,2025-11,0.05583756345177665,actual,0.05583756345177665,0.05583756345177665
Computer Vision,2025-12,0.031578947368421054,actual,0.031578947368421054,0.031578947368421054
Computer Vision,2026-01,0.046153846153846156,actual,0.046153846153846156,0.046153846153846156
Computer Vision,2026-02,0.04819277108433735,actual,0.04819277108433735,0.04819277108433735
Computer Vision,2026-03,0.040123456790123455,actual,0.040123456790123455,0.040123456790123455
Computer Vision,2026-04,0.050746268656716415,actual,0.050746268656716415,0.050746268656716415
Computer Vision,2026-05,0.04281345565749235,actual,0.04281345565749235,0.04281345565749235
Computer Vision,2026-06,0.059006211180124224,actual,0.059006211180124224,0.059006211180124224
Computer Vision,2026-07,0.046153846153846156,actual,0.046153846153846156,0.046153846153846156
Computer Vision,2026-08,0.050244178803599125,forecast,0.03357744839388008,0.06691090921331817
Computer Vision,2026-09,0.050592892977296744,forecast,0.0339261625675777,0.06725962338701579
Computer Vision,2026-10,0.050926553420360426,forecast,0.034259823010641385,0.06759328383007947
Computer Vision,2026-11,0.051245809991107054,forecast,0.034579079581388006,0.0679125404008261
Computer Vision,2026-12,0.05155128449395499,forecast,0.03488455408423595,0.06821801490367403
Computer Vision,2027-01,0.0518435718904899,forecast,0.035176841480770854,0.06851030230020895
C++,2024-08,0.052307692307692305,actual,0.052307692307692305,0.052307692307692305
C++,2024-09,0.049342105263157895,actual,0.049342105263157895,0.049342105263157895
C++,2024-10,0.06060606060606061,actual,0.06060606060606061,0.06060606060606061
C++,2024-11,0.0440251572327044,actual,0.0440251572327044,0.0440251572327044
C++,2024-12,0.04242424242424243,actual,0.04242424242424243,0.04242424242424243
C++,2025-01,0.036231884057971016,actual,0.036231884057971016,0.036231884057971016
C++,2025-02,0.04292929292929293,actual,0.04292929292929293,0.04292929292929293
C++,2025-03,0.03954802259887006,actual,0.03954802259887006,0.03954802259887006
C++,2025-04,0.04854368932038835,actual,0.04854368932038835,0.04854368932038835
C++,2025-05,0.033112582781456956,actual,0.033112582781456956,0.033112582781456956
C++,2025-06,0.04419889502762431,actual,0.04419889502762431,0.04419889502762431
C++,2025-07,0.041916167664670656,actual,0.041916167664670656,0.041916167664670656
C++,2025-08,0.045454545454545456,actual,0.045454545454545456,0.045454545454545456
C++,2025-09,0.05647840531561462,actual,0.05647840531561462,0.05647840531561462
C++,2025-10,0.04398826979472141,actual,0.04398826979472141,0.04398826979472141
C++,2025-11,0.02284263959390863,actual,0.02284263959390863,0.02284263959390863
C++,2025-12,0.031578947368421054,actual,0.031578947368421054,0.031578947368421054
C++,2026-01,0.05,actual,0.05,0.05
C++,2026-02,0.03614457831325301,actual,0.03614457831325301,0.03614457831325301
C++,2026-03,0.046296296296296294,actual,0.046296296296296294,0.046296296296296294
C++,2026-04,0.041791044776119404,actual,0.041791044776119404,0.041791044776119404
C++,2026-05,0.039755351681957186,actual,0.039755351681957186,0.039755351681957186
C++,2026-06,0.037267080745341616,actual,0.037267080745341616,0.037267080745341616
C++,2026-07,0.05,actual,0.05,0.05
C++,2026-08,0.04077429961467465,forecast,0.026410710044823378,0.055137889184525925
C++,2026-09,0.040759970388545765,forecast,0.02639638081869449,0.05512355995839704
C++,2026-10,0.040748367940644445,forecast,0.02638477837079317,0.05511195751049572
C++,2026-11,0.040738973379061565,forecast,0.02637538380921029,0.05510256294891284
C++,2026-12,0.04073136655435653,forecast,0.026367776984505258,0.055094956124207804
C++,2027-01,0.04072520726937207,forecast,0.0263616176995208,0.055088796839223346
Rails,2024-08,0.052307692307692305,actual,0.052307692307692305,0.052307692307692305
Rails,2024-09,0.039473684210526314,actual,0.039473684210526314,0.039473684210526314
Rails,2024-10,0.021212121212121213,actual,0.021212121212121213,0.021212121212121213
Rails,2024-11,0.050314465408805034,actual,0.050314465408805034,0.050314465408805034
Rails,2024-12,0.051515151515151514,actual,0.051515151515151514,0.051515151515151514
Rails,2025-01,0.05434782608695652,actual,0.05434782608695652,0.05434782608695652
Rails,2025-02,0.03535353535353535,actual,0.03535353535353535,0.03535353535353535
Rails,2025-03,0.02824858757062147,actual,0.02824858757062147,0.02824858757062147
Rails,2025-04,0.042071197411003236,actual,0.042071197411003236,0.042071197411003236
Rails,2025-05,0.033112582781456956,actual,0.033112582781456956,0.033112582781456956
Rails,2025-06,0.04696132596685083,actual,0.04696132596685083,0.04696132596685083
Rails,2025-07,0.04491017964071856,actual,0.04491017964071856,0.04491017964071856
Rails,2025-08,0.06168831168831169,actual,0.06168831168831169,0.06168831168831169
Rails,2025-09,0.04983388704318937,actual,0.04983388704318937,0.04983388704318937
Rails,2025-10,0.0469208211143695,actual,0.0469208211143695,0.0469208211143695
Rails,2025-11,0.03553299492385787,actual,0.03553299492385787,0.03553299492385787
Rails,2025-12,0.042105263157894736,actual,0.042105263157894736,0.042105263157894736
Rails,2026-01,0.03076923076923077,actual,0.03076923076923077,0.03076923076923077
Rails,2026-02,0.03614457831325301,actual,0.03614457831325301,0.03614457831325301
Rails,2026-03,0.04938271604938271,actual,0.04938271604938271,0.04938271604938271
Rails,2026-04,0.026865671641791045,actual,0.026865671641791045,0.026865671641791045
Rails,2026-05,0.03058103975535168,actual,0.03058103975535168,0.03058103975535168
Rails,2026-06,0.021739130434782608,actual,0.021739130434782608,0.021739130434782608
Rails,2026-07,0.04230769230769231,actual,0.04230769230769231,0.04230769230769231
Rails,2026-08,0.03537684754245129,forecast,0.015554890205421276,0.0551988048794813
Rails,2026-09,0.034978592260596165,forecast,0.015156634923566153,0.054800549597626175
Rails,2026-10,0.03458232825515032,forecast,0.014760370918120307,0.05440428559218033
Rails,2026-11,0.034188045569731706,forecast,0.014366088232701694,0.05401000290676172
Rails,2026-12,0.03379573429774018,forecast,0.013973776960710168,0.05361769163477019
Rails,2027-01,0.033405384582108615,forecast,0.013583427245078602,0.053227341919138624
Linux,2024-08,0.027692307692307693,actual,0.027692307692307693,0.027692307692307693
Linux,2024-09,0.029605263157894735,actual,0.029605263157894735,0.029605263157894735
Linux,2024-10,0.04242424242424243,actual,0.04242424242424243,0.04242424242424243
Linux,2024-11,0.031446540880503145,actual,0.031446540880503145,0.031446540880503145
Linux,2024-12,0.02727272727272727,actual,0.02727272727272727,0.02727272727272727
Linux,2025-01,0.028985507246376812,actual,0.028985507246376812,0.028985507246376812
Linux,2025-02,0.03535353535353535,actual,0.03535353535353535,0.03535353535353535
Linux,2025-03,0.03672316384180791,actual,0.03672316384180791,0.03672316384180791
Linux,2025-04,0.045307443365695796,actual,0.045307443365695796,0.045307443365695796
Linux,2025-05,0.046357615894039736,actual,0.046357615894039736,0.046357615894039736
Linux,2025-06,0.04696132596685083,actual,0.04696132596685083,0.04696132596685083
Linux,2025-07,0.03293413173652695,actual,0.03293413173652695,0.03293413173652695
Linux,2025-08,0.032467532467532464,actual,0.032467532467532464,0.032467532467532464
Linux,2025-09,0.036544850498338874,actual,0.036544850498338874,0.036544850498338874
Linux,2025-10,0.04105571847507331,actual,0.04105571847507331,0.04105571847507331
Linux,2025-11,0.03553299492385787,actual,0.03553299492385787,0.03553299492385787
Linux,2025-12,0.05,actual,0.05,0.05
Linux,2026-01,0.04230769230769231,actual,0.04230769230769231,0.04230769230769231
Linux,2026-02,0.03132530120481928,actual,0.03132530120481928,0.03132530120481928
Linux,2026-03,0.046296296296296294,actual,0.046296296296296294,0.046296296296296294
Linux,2026-04,0.041791044776119404,actual,0.041791044776119404,0.041791044776119404
Linux,2026-05,0.04892966360856269,actual,0.04892966360856269,0.04892966360856269
Linux,2026-06,0.049689440993788817,actual,0.049689440993788817,0.049689440993788817
Linux,2026-07,0.03076923076923077,actual,0.03076923076923077,0.03076923076923077
Linux,2026-08,0.04240694873863048,forecast,0.029929083572925716,0.05488481390433525
Linux,2026-09,0.04250396791344579,forecast,0.03002610274774102,0.054981833079150555
Linux,2026-10,0.04259046422016591,forecast,0.03011259905446114,0.055068329385870675
Linux,2026-11,0.042667578987328834,forecast,0.030189713821624067,0.0551454441530336
Linux,2026-12,0.042736329752998334,forecast,0.030258464587293567,0.0552141949187031
Linux,2027-01,0.042797623691293654,forecast,0.030319758525588887,0.05527548885699842
Java,2024-08,0.046153846153846156,actual,0.046153846153846156,0.046153846153846156
Java,2024-09,0.05921052631578947,actual,0.05921052631578947,0.05921052631578947
Java,2024-10,0.05757575757575758,actual,0.05757575757575758,0.05757575757575758
Java,2024-11,0.04716981132075472,actual,0.04716981132075472,0.04716981132075472
Java,2024-12,0.03333333333333333,actual,0.03333333333333333,0.03333333333333333
Java,2025-01,0.021739130434782608,actual,0.021739130434782608,0.021739130434782608
Java,2025-02,0.020202020202020204,actual,0.020202020202020204,0.020202020202020204
Java,2025-03,0.03389830508474576,actual,0.03389830508474576,0.03389830508474576
Java,2025-04,0.05825242718446602,actual,0.05825242718446602,0.05825242718446602
Java,2025-05,0.039735099337748346,actual,0.039735099337748346,0.039735099337748346
Java,2025-06,0.03314917127071823,actual,0.03314917127071823,0.03314917127071823
Java,2025-07,0.02694610778443114,actual,0.02694610778443114,0.02694610778443114
Java,2025-08,0.02922077922077922,actual,0.02922077922077922,0.02922077922077922
Java,2025-09,0.03986710963455149,actual,0.03986710963455149,0.03986710963455149
Java,2025-10,0.04105571847507331,actual,0.04105571847507331,0.04105571847507331
Java,2025-11,0.03553299492385787,actual,0.03553299492385787,0.03553299492385787
Java,2025-12,0.03684210526315789,actual,0.03684210526315789,0.03684210526315789
Java,2026-01,0.026923076923076925,actual,0.026923076923076925,0.026923076923076925
Java,2026-02,0.033734939759036145,actual,0.033734939759036145,0.033734939759036145
Java,2026-03,0.027777777777777776,actual,0.027777777777777776,0.027777777777777776
Java,2026-04,0.04776119402985075,actual,0.04776119402985075,0.04776119402985075
Java,2026-05,0.03363914373088685,actual,0.03363914373088685,0.03363914373088685
Java,2026-06,0.034161490683229816,actual,0.034161490683229816,0.034161490683229816
Java,2026-07,0.03461538461538462,actual,0.03461538461538462,0.03461538461538462
Java,2026-08,0.03392068243252177,forecast,0.01306296625564008,0.05477839860940346
Java,2026-09,0.03337032646014587,forecast,0.012512610283264183,0.05422804263702756
Java,2026-10,0.032825552477760464,forecast,0.011967836300878776,0.05368326865464215
Java,2026-11,0.032286303869985995,forecast,0.011428587693104307,0.053144020046867683
Java,2026-12,0.03175252459566491,forecast,0.010894808418783222,0.0526102407725466
Java,2027-01,0.03122415918203752,forecast,0.01036644300515583,0.05208187535891921
SQL,2024-08,0.027692307692307693,actual,0.027692307692307693,0.027692307692307693
SQL,2024-09,0.023026315789473683,actual,0.023026315789473683,0.023026315789473683
SQL,2024-10,0.03939393939393939,actual,0.03939393939393939,0.03939393939393939
SQL,2024-11,0.0440251572327044,actual,0.0440251572327044,0.0440251572327044
SQL,2024-12,0.030303030303030304,actual,0.030303030303030304,0.030303030303030304
SQL,2025-01,0.03260869565217391,actual,0.03260869565217391,0.03260869565217391
SQL,2025-02,0.027777777777777776,actual,0.027777777777777776,0.027777777777777776
SQL,2025-03,0.03389830508474576,actual,0.03389830508474576,0.03389830508474576
SQL,2025-04,0.042071197411003236,actual,0.042071197411003236,0.042071197411003236
SQL,2025-05,0.03642384105960265,actual,0.03642384105960265,0.03642384105960265
SQL,2025-06,0.03867403314917127,actual,0.03867403314917127,0.03867403314917127
SQL,2025-07,0.03592814371257485,actual,0.03592814371257485,0.03592814371257485
SQL,2025-08,0.03896103896103896,actual,0.03896103896103896,0.03896103896103896
SQL,2025-09,0.03986710963455149,actual,0.03986710963455149,0.03986710963455149
SQL,2025-10,0.04398826979472141,actual,0.04398826979472141,0.04398826979472141
SQL,2025-11,0.03807106598984772,actual,0.03807106598984772,0.03807106598984772
SQL,2025-12,0.034210526315789476,actual,0.034210526315789476,0.034210526315789476
SQL,2026-01,0.046153846153846156,actual,0.046153846153846156,0.046153846153846156
SQL,2026-02,0.04096385542168675,actual,0.04096385542168675,0.04096385542168675
SQL,2026-03,0.030864197530864196,actual,0.030864197530864196,0.030864197530864196
SQL,2026-04,0.050746268656716415,actual,0.050746268656716415,0.050746268656716415
SQL,2026-05,0.024464831804281346,actual,0.024464831804281346,0.024464831804281346
SQL,2026-06,0.037267080745341616,actual,0.037267080745341616,0.037267080745341616
SQL,2026-07,0.05,actual,0.05,0.05
SQL,2026-08,0.041718311560765005,forecast,0.028918035047773696,0.05451858807375631
SQL,2026-09,0.04199741278055997,forecast,0.02919713626756866,0.05479768929355128
SQL,2026-10,0.042267305351179944,forecast,0.029467028838188636,0.05506758186417125
SQL,2026-11,0.042528293102252375,forecast,0.029728016589261066,0.05532856961524368
SQL,2026-12,0.04278066983886789,forecast,0.029980393325876584,0.0555809463518592
SQL,2027-01,0.043024719672329334,forecast,0.030224443159338026,0.05582499618532064
Ruby,2024-08,0.05846153846153846,actual,0.05846153846153846,0.05846153846153846
Ruby,2024-09,0.039473684210526314,actual,0.039473684210526314,0.039473684210526314
Ruby,2024-10,0.024242424242424242,actual,0.024242424242424242,0.024242424242424242
Ruby,2024-11,0.050314465408805034,actual,0.050314465408805034,0.050314465408805034
Ruby,2024-12,0.045454545454545456,actual,0.045454545454545456,0.045454545454545456
Ruby,2025-01,0.05434782608695652,actual,0.05434782608695652,0.05434782608695652
Ruby,2025-02,0.03282828282828283,actual,0.03282828282828283,0.03282828282828283
Ruby,2025-03,0.022598870056497175,actual,0.022598870056497175,0.022598870056497175
Ruby,2025-04,0.032362459546925564,actual,0.032362459546925564,0.032362459546925564
Ruby,2025-05,0.029801324503311258,actual,0.029801324503311258,0.029801324503311258
Ruby,2025-06,0.049723756906077346,actual,0.049723756906077346,0.049723756906077346
Ruby,2025-07,0.03293413173652695,actual,0.03293413173652695,0.03293413173652695
Ruby,2025-08,0.06168831168831169,actual,0.06168831168831169,0.06168831168831169
Ruby,2025-09,0.03986710963455149,actual,0.03986710963455149,0.03986710963455149
Ruby,2025-10,0.02932551319648094,actual,0.02932551319648094,0.02932551319648094
Ruby,2025-11,0.02284263959390863,actual,0.02284263959390863,0.02284263959390863
Ruby,2025-12,0.034210526315789476,actual,0.034210526315789476,0.034210526315789476
Ruby,2026-01,0.019230769230769232,actual,0.019230769230769232,0.019230769230769232
Ruby,2026-02,0.033734939759036145,actual,0.033734939759036145,0.033734939759036145
Ruby,2026-03,0.043209876543209874,actual,0.043209876543209874,0.043209876543209874
Ruby,2026-04,0.026865671641791045,actual,0.026865671641791045,0.026865671641791045
Ruby,2026-05,0.03058103975535168,actual,0.03058103975535168,0.03058103975535168
Ruby,2026-06,0.027950310559006212,actual,0.027950310559006212,0.027950310559006212
Ruby,2026-07,0.03461538461538462,actual,0.03461538461538462,0.03461538461538462
Ruby,2026-08,0.0297022511495416,forecast,0.00917530350946261,0.050229198789620594
Ruby,2026-09,0.029337228085570016,forecast,0.008810280445491026,0.04986417572564901
Ruby,2026-10,0.028987564122266583,forecast,0.008460616482187593,0.04951451176234557
Ruby,2026-11,0.028652612993691918,forecast,0.008125665353612928,0.04917956063377091
Ruby,2026-12,0.028331755626883198,forecast,0.007804807986804208,0.04885870326696219
Ruby,2027-01,0.028024398997653396,forecast,0.007497451357574406,0.04855134663773239
iOS,2024-08,0.046153846153846156,actual,0.046153846153846156,0.046153846153846156
iOS,2024-09,0.02631578947368421,actual,0.02631578947368421,0.02631578947368421
iOS,2024-10,0.045454545454545456,actual,0.045454545454545456,0.045454545454545456
iOS,2024-11,0.025157232704402517,actual,0.025157232704402517,0.025157232704402517
iOS,2024-12,0.01818181818181818,actual,0.01818181818181818,0.01818181818181818
iOS,2025-01,0.028985507246376812,actual,0.028985507246376812,0.028985507246376812
iOS,2025-02,0.022727272727272728,actual,0.022727272727272728,0.022727272727272728
iOS,2025-03,0.03672316384180791,actual,0.03672316384180791,0.03672316384180791
iOS,2025-04,0.032362459546925564,actual,0.032362459546925564,0.032362459546925564
iOS,2025-05,0.04304635761589404,actual,0.04304635761589404,0.04304635761589404
iOS,2025-06,0.027624309392265192,actual,0.027624309392265192,0.027624309392265192
iOS,2025-07,0.023952095808383235,actual,0.023952095808383235,0.023952095808383235
iOS,2025-08,0.016233766233766232,actual,0.016233766233766232,0.016233766233766232
iOS,2025-09,0.019933554817275746,actual,0.019933554817275746,0.019933554817275746
iOS,2025-10,0.026392961876832845,actual,0.026392961876832845,0.026392961876832845
iOS,2025-11,0.030456852791878174,actual,0.030456852791878174,0.030456852791878174
iOS,2025-12,0.031578947368421054,actual,0.031578947368421054,0.031578947368421054
iOS,2026-01,0.04230769230769231,actual,0.04230769230769231,0.04230769230769231
iOS,2026-02,0.04819277108433735,actual,0.04819277108433735,0.04819277108433735
iOS,2026-03,0.030864197530864196,actual,0.030864197530864196,0.030864197530864196
iOS,2026-04,0.041791044776119404,actual,0.041791044776119404,0.041791044776119404
iOS,2026-05,0.03363914373088685,actual,0.03363914373088685,0.03363914373088685
iOS,2026-06,0.043478260869565216,actual,0.043478260869565216,0.043478260869565216
iOS,2026-07,0.026923076923076925,actual,0.026923076923076925,0.026923076923076925
iOS,2026-08,0.034326010643291806,forecast,0.01648572564182733,0.05216629564475628
iOS,2026-09,0.034496263976672846,forecast,0.01665597897520837,0.05233654897813732
iOS,2026-10,0.03466513766349578,forecast,0.016824852662031303,0.05250542266496025
iOS,2026-11,0.034832642883715716,forecast,0.01699235788225124,0.05267292788518019
iOS,2026-12,0.034998790726691084,forecast,0.01715850572522661,0.05283907572815556
iOS,2027-01,0.0351635921919178,forecast,0.017323307190453326,0.05300387719338227
Android,2024-08,0.04,actual,0.04,0.04
Android,2024-09,0.03289473684210526,actual,0.03289473684210526,0.03289473684210526
Android,2024-10,0.05454545454545454,actual,0.05454545454545454,0.05454545454545454
Android,2024-11,0.025157232704402517,actual,0.025157232704402517,0.025157232704402517
Android,2024-12,0.01818181818181818,actual,0.01818181818181818,0.01818181818181818
Android,2025-01,0.018115942028985508,actual,0.018115942028985508,0.018115942028985508
Android,2025-02,0.027777777777777776,actual,0.027777777777777776,0.027777777777777776
Android,2025-03,0.03954802259887006,actual,0.03954802259887006,0.03954802259887006
Android,2025-04,0.038834951456310676,actual,0.038834951456310676,0.038834951456310676
Android,2025-05,0.046357615894039736,actual,0.046357615894039736,0.046357615894039736
Android,2025-06,0.03038674033149171,actual,0.03038674033149171,0.03038674033149171
Android,2025-07,0.020958083832335328,actual,0.020958083832335328,0.020958083832335328
Android,2025-08,0.01948051948051948,actual,0.01948051948051948,0.01948051948051948
Android,2025-09,0.023255813953488372,actual,0.023255813953488372,0.023255813953488372
Android,2025-10,0.02932551319648094,actual,0.02932551319648094,0.02932551319648094
Android,2025-11,0.025380710659898477,actual,0.025380710659898477,0.025380710659898477
Android,2025-12,0.02631578947368421,actual,0.02631578947368421,0.02631578947368421
Android,2026-01,0.05,actual,0.05,0.05
Android,2026-02,0.03614457831325301,actual,0.03614457831325301,0.03614457831325301
Android,2026-03,0.027777777777777776,actual,0.027777777777777776,0.027777777777777776
Android,2026-04,0.029850746268656716,actual,0.029850746268656716,0.029850746268656716
Android,2026-05,0.01529051987767584,actual,0.01529051987767584,0.01529051987767584
Android,2026-06,0.034161490683229816,actual,0.034161490683229816,0.034161490683229816
Android,2026-07,0.019230769230769232,actual,0.019230769230769232,0.019230769230769232
Android,2026-08,0.02637956177860982,forecast,0.006900435948198939,0.0458586876090207
Android,2026-09,0.026118911689315058,forecast,0.006639785858904179,0.04559803751972594
Android,2026-10,0.025863958924515068,forecast,0.006384833094104189,0.04534308475492595
Android,2026-11,0.025614578951329438,forecast,0.006135453120918559,0.04509370478174032
Android,2026-12,0.025370649958934104,forecast,0.0058915241285232255,0.04484977578934499
Android,2027-01,0.025132052799062287,forecast,0.005652926968651408,0.04461117862947317
