skill_name,month,n,rolling_3m
AWS,2024-08,44,44.0
AWS,2024-09,43,43.5
AWS,2024-10,53,46.666666666666664
AWS,2024-11,50,48.666666666666664
AWS,2024-12,44,49.0
AWS,2025-01,42,45.333333333333336
AWS,2025-02,62,49.333333333333336
AWS,2025-03,48,50.666666666666664
AWS,2025-04,39,49.666666666666664
AWS,2025-05,42,43.0
AWS,2025-06,66,49.0
AWS,2025-07,56,54.666666666666664
AWS,2025-08,51,57.666666666666664
AWS,2025-09,41,49.333333333333336
AWS,2025-10,47,46.333333333333336
AWS,2025-11,63,50.333333333333336
AWS,2025-12,50,53.333333333333336
AWS,2026-01,39,50.666666666666664
AWS,2026-02,75,54.666666666666664
AWS,2026-03,55,56.333333333333336
AWS,2026-04,55,61.666666666666664
AWS,2026-05,59,56.333333333333336
AWS,2026-06,42,52.0
AWS,2026-07,35,45.333333333333336
Airflow,2024-08,1,1.0
Airflow,2024-09,8,4.5
Airflow,2024-10,2,3.6666666666666665
Airflow,2024-11,1,3.6666666666666665
Airflow,2024-12,2,1.6666666666666667
Airflow,2025-01,3,2.0
Airflow,2025-02,2,2.3333333333333335
Airflow,2025-03,4,3.0
Airflow,2025-04,2,2.6666666666666665
Airflow,2025-05,3,3.0
Airflow,2025-06,1,2.0
Airflow,2025-07,1,1.6666666666666667
Airflow,2025-08,2,1.3333333333333333
Airflow,2025-09,1,1.3333333333333333
Airflow,2025-10,4,2.3333333333333335
Airflow,2025-11,3,2.6666666666666665
Airflow,2025-12,3,3.3333333333333335
Airflow,2026-01,3,3.0
Airflow,2026-02,5,3.6666666666666665
Airflow,2026-03,3,3.6666666666666665
Airflow,2026-04,2,3.3333333333333335
Airflow,2026-05,1,2.0
Airflow,2026-06,3,2.0
Airflow,2026-07,2,2.0
Android,2024-08,13,13.0
Android,2024-09,10,11.5
Android,2024-10,18,13.666666666666666
Android,2024-11,8,12.0
Android,2024-12,6,10.666666666666666
Android,2025-01,5,6.333333333333333
Android,2025-02,11,7.333333333333333
Android,2025-03,14,10.0
Android,2025-04,12,12.333333333333334
Android,2025-05,14,13.333333333333334
Android,2025-06,11,12.333333333333334
Android,2025-07,7,10.666666666666666
Android,2025-08,6,8.0
Android,2025-09,7,6.666666666666667
Android,2025-10,10,7.666666666666667
Android,2025-11,10,9.0
Android,2025-12,10,10.0
Android,2026-01,13,11.0
Android,2026-02,15,12.666666666666666
Android,2026-03,9,12.333333333333334
Android,2026-04,10,11.333333333333334
Android,2026-05,5,8.0
Android,2026-06,11,8.666666666666666
Android,2026-07,5,7.0
Angular,2024-08,6,6.0
Angular,2024-09,1,3.5
Angular,2024-10,1,2.6666666666666665
Angular,2024-11,2,1.3333333333333333
Angular,2024-12,1,1.3333333333333333
Angular,2025-01,1,1.3333333333333333
Angular,2025-02,2,1.3333333333333333
Angular,2025-03,4,2.3333333333333335
Angular,2025-04,5,3.6666666666666665
Angular,2025-05,1,3.3333333333333335
Angular,2025-06,1,2.3333333333333335
Angular,2025-07,3,1.6666666666666667
Angular,2025-08,2,2.0
Angular,2025-09,2,2.3333333333333335
Angular,2025-11,2,2.0
Angular,2025-12,4,2.6666666666666665
Angular,2026-01,1,2.3333333333333335
Angular,2026-02,3,2.6666666666666665
Angular,2026-03,3,2.3333333333333335
Angular,2026-04,2,2.6666666666666665
Angular,2026-05,1,2.0
Angular,2026-06,1,1.3333333333333333
Angular,2026-07,1,1.0
Azure,2024-08,9,9.0
Azure,2024-09,6,7.5
Azure,2024-10,7,7.333333333333333
Azure,2024-11,4,5.666666666666667
Azure,2024-12,5,5.333333333333333
Azure,2025-01,8,5.666666666666667
Azure,2025-02,8,7.0
Azure,2025-03,11,9.0
Azure,2025-04,6,8.333333333333334
Azure,2025-05,5,7.333333333333333
Azure,2025-06,6,5.666666666666667
Azure,2025-07,10,7.0
Azure,2025-08,8,8.0
Azure,2025-09,9,9.0
Azure,2025-10,6,7.666666666666667
Azure,2025-11,11,8.666666666666666
Azure,2025-12,11,9.333333333333334
Azure,2026-01,4,8.666666666666666
Azure,2026-02,14,9.666666666666666
Azure,2026-03,6,8.0
Azure,2026-04,7,9.0
Azure,2026-05,10,7.666666666666667
Azure,2026-06,8,8.333333333333334
Azure,2026-07,10,9.333333333333334
C#,2024-08,10,10.0
C#,2024-09,6,8.0
C#,2024-10,6,7.333333333333333
C#,2024-11,9,7.0
C#,2024-12,8,7.666666666666667
C#,2025-01,5,7.333333333333333
C#,2025-02,4,5.666666666666667
C#,2025-03,11,6.666666666666667
C#,2025-04,8,7.666666666666667
C#,2025-05,6,8.333333333333334
C#,2025-06,3,5.666666666666667
C#,2025-07,8,5.666666666666667
C#,2025-08,4,5.0
C#,2025-09,5,5.666666666666667
C#,2025-10,8,5.666666666666667
C#,2025-11,11,8.0
C#,2025-12,9,9.333333333333334
C#,2026-01,4,8.0
C#,2026-02,9,7.333333333333333
C#,2026-03,4,5.666666666666667
C#,2026-04,7,6.666666666666667
C#,2026-05,5,5.333333333333333
C#,2026-06,2,4.666666666666667
C#,2026-07,8,5.0
C++,2024-08,17,17.0
C++,2024-09,15,16.0
C++,2024-10,20,17.333333333333332
C++,2024-11,14,16.333333333333332
C++,2024-12,14,16.0
C++,2025-01,10,12.666666666666666
C++,2025-02,17,13.666666666666666
C++,2025-03,14,13.666666666666666
C++,2025-04,15,15.333333333333334
C++,2025-05,10,13.0
C++,2025-06,16,13.666666666666666
C++,2025-07,14,13.333333333333334
C++,2025-08,14,14.666666666666666
C++,2025-09,17,15.0
C++,2025-10,15,15.333333333333334
C++,2025-11,9,13.666666666666666
C++,2025-12,12,12.0
C++,2026-01,13,11.333333333333334
C++,2026-02,15,13.333333333333334
C++,2026-03,15,14.333333333333334
C++,2026-04,14,14.666666666666666
C++,2026-05,13,14.0
C++,2026-06,12,13.0
C++,2026-07,13,12.666666666666666
CI/CD,2024-08,6,6.0
CI/CD,2024-09,5,5.5
CI/CD,2024-10,9,6.666666666666667
CI/CD,2024-11,4,6.0
CI/CD,2024-12,9,7.333333333333333
CI/CD,2025-01,5,6.0
CI/CD,2025-02,6,6.666666666666667
CI/CD,2025-03,13,8.0
CI/CD,2025-04,5,8.0
CI/CD,2025-05,12,10.0
CI/CD,2025-06,9,8.666666666666666
CI/CD,2025-07,10,10.333333333333334
CI/CD,2025-08,4,7.666666666666667
CI/CD,2025-09,6,6.666666666666667
CI/CD,2025-10,8,6.0
CI/CD,2025-11,14,9.333333333333334
CI/CD,2025-12,15,12.333333333333334
CI/CD,2026-01,9,12.666666666666666
CI/CD,2026-02,21,15.0
CI/CD,2026-03,11,13.666666666666666
CI/CD,2026-04,16,16.0
CI/CD,2026-05,13,13.333333333333334
CI/CD,2026-06,12,13.666666666666666
CI/CD,2026-07,12,12.333333333333334
Computer Vision,2024-08,12,12.0
Computer Vision,2024-09,17,14.5
Computer Vision,2024-10,10,13.0
Computer Vision,2024-11,10,12.333333333333334
Computer Vision,2024-12,8,9.333333333333334
Computer Vision,2025-01,10,9.333333333333334
Computer Vision,2025-02,11,9.666666666666666
Computer Vision,2025-03,16,12.333333333333334
Computer Vision,2025-04,12,13.0
Computer Vision,2025-05,15,14.333333333333334
Computer Vision,2025-06,15,14.0
Computer Vision,2025-07,18,16.0
Computer Vision,2025-08,17,16.666666666666668
Computer Vision,2025-09,15,16.666666666666668
Computer Vision,2025-10,17,16.333333333333332
Computer Vision,2025-11,22,18.0
Computer Vision,2025-12,12,17.0
Computer Vision,2026-01,12,15.333333333333334
Computer Vision,2026-02,20,14.666666666666666
Computer Vision,2026-03,13,15.0
Computer Vision,2026-04,17,16.666666666666668
Computer Vision,2026-05,14,14.666666666666666
Computer Vision,2026-06,19,16.666666666666668
Computer Vision,2026-07,12,15.0
Deep Learning,2024-08,5,5.0
Deep Learning,2024-09,5,5.0
Deep Learning,2024-10,3,4.333333333333333
Deep Learning,2024-11,3,3.6666666666666665
Deep Learning,2024-12,2,2.6666666666666665
Deep Learning,2025-01,2,2.3333333333333335
Deep Learning,2025-02,3,2.3333333333333335
Deep Learning,2025-03,3,2.6666666666666665
Deep Learning,2025-04,1,2.3333333333333335
Deep Learning,2025-05,1,1.6666666666666667
Deep Learning,2025-06,4,2.0
Deep Learning,2025-07,2,2.3333333333333335
Deep Learning,2025-08,3,3.0
Deep Learning,2025-09,2,2.3333333333333335
Deep Learning,2025-10,3,2.6666666666666665
Deep Learning,2025-11,3,2.6666666666666665
Deep Learning,2025-12,4,3.3333333333333335
Deep Learning,2026-01,1,2.6666666666666665
Deep Learning,2026-02,3,2.6666666666666665
Deep Learning,2026-03,3,2.3333333333333335
Deep Learning,2026-04,7,4.333333333333333
Deep Learning,2026-05,2,4.0
Deep Learning,2026-06,3,4.0
Deep Learning,2026-07,2,2.3333333333333335
Django,2024-08,8,8.0
Django,2024-09,7,7.5
Django,2024-10,13,9.333333333333334
Django,2024-11,8,9.333333333333334
Django,2024-12,11,10.666666666666666
Django,2025-01,10,9.666666666666666
Django,2025-02,9,10.0
Django,2025-03,9,9.333333333333334
Django,2025-04,9,9.0
Django,2025-05,6,8.0
Django,2025-06,10,8.333333333333334
Django,2025-07,12,9.333333333333334
Django,2025-08,9,10.333333333333334
Django,2025-09,7,9.333333333333334
Django,2025-10,7,7.666666666666667
Django,2025-11,9,7.666666666666667
Django,2025-12,10,8.666666666666666
Django,2026-01,6,8.333333333333334
Django,2026-02,9,8.333333333333334
Django,2026-03,13,9.333333333333334
Django,2026-04,12,11.333333333333334
Django,2026-05,8,11.0
Django,2026-06,11,10.333333333333334
Django,2026-07,6,8.333333333333334
Docker,2024-08,13,13.0
Docker,2024-09,14,13.5
Docker,2024-10,10,12.333333333333334
Docker,2024-11,8,10.666666666666666
Docker,2024-12,8,8.666666666666666
Docker,2025-01,18,11.333333333333334
Docker,2025-02,19,15.0
Docker,2025-03,20,19.0
Docker,2025-04,15,18.0
Docker,2025-05,16,17.0
Docker,2025-06,21,17.333333333333332
Docker,2025-07,15,17.333333333333332
Docker,2025-08,19,18.333333333333332
Docker,2025-09,16,16.666666666666668
Docker,2025-10,17,17.333333333333332
Docker,2025-11,24,19.0
Docker,2025-12,19,20.0
Docker,2026-01,13,18.666666666666668
Docker,2026-02,25,19.0
Docker,2026-03,27,21.666666666666668
Docker,2026-04,23,25.0
Docker,2026-05,17,22.333333333333332
Docker,2026-06,16,18.666666666666668
Docker,2026-07,10,14.333333333333334
Elasticsearch,2024-08,7,7.0
Elasticsearch,2024-09,6,6.5
Elasticsearch,2024-10,2,5.0
Elasticsearch,2024-11,2,3.3333333333333335
Elasticsearch,2024-12,5,3.0
Elasticsearch,2025-01,2,3.0
Elasticsearch,2025-02,2,3.0
Elasticsearch,2025-03,3,2.3333333333333335
Elasticsearch,2025-04,4,3.0
Elasticsearch,2025-05,1,2.6666666666666665
Elasticsearch,2025-06,5,3.3333333333333335
Elasticsearch,2025-07,4,3.3333333333333335
Elasticsearch,2025-08,2,3.6666666666666665
Elasticsearch,2025-09,4,3.3333333333333335
Elasticsearch,2025-10,3,3.0
Elasticsearch,2025-11,2,3.0
Elasticsearch,2025-12,3,2.6666666666666665
Elasticsearch,2026-01,2,2.3333333333333335
Elasticsearch,2026-02,5,3.3333333333333335
Elasticsearch,2026-03,4,3.6666666666666665
Elasticsearch,2026-04,6,5.0
Elasticsearch,2026-05,4,4.666666666666667
Elasticsearch,2026-06,3,4.333333333333333
Elasticsearch,2026-07,2,3.0
Excel,2024-08,5,5.0
Excel,2024-09,3,4.0
Excel,2024-11,1,3.0
Excel,2024-12,3,2.3333333333333335
Excel,2025-01,3,2.3333333333333335
Excel,2025-02,1,2.3333333333333335
Excel,2025-03,1,1.6666666666666667
Excel,2025-04,2,1.3333333333333333
Excel,2025-05,2,1.6666666666666667
Excel,2025-06,2,2.0
Excel,2025-07,2,2.0
Excel,2025-08,1,1.6666666666666667
Excel,2025-09,3,2.0
Excel,2025-10,4,2.6666666666666665
Excel,2025-11,1,2.6666666666666665
Excel,2025-12,3,2.6666666666666665
Excel,2026-01,1,1.6666666666666667
Excel,2026-02,1,1.6666666666666667
Excel,2026-03,3,1.6666666666666667
Excel,2026-04,2,2.0
Excel,2026-05,2,2.3333333333333335
Excel,2026-07,1,1.6666666666666667
FastAPI,2024-08,4,4.0
FastAPI,2024-09,6,5.0
FastAPI,2024-10,3,4.333333333333333
FastAPI,2024-11,5,4.666666666666667
FastAPI,2024-12,4,4.0
FastAPI,2025-01,6,5.0
FastAPI,2025-02,6,5.333333333333333
FastAPI,2025-03,9,7.0
FastAPI,2025-04,7,7.333333333333333
FastAPI,2025-05,16,10.666666666666666
FastAPI,2025-06,15,12.666666666666666
FastAPI,2025-07,8,13.0
FastAPI,2025-08,7,10.0
FastAPI,2025-09,8,7.666666666666667
FastAPI,2025-10,10,8.333333333333334
FastAPI,2025-11,10,9.333333333333334
FastAPI,2025-12,17,12.333333333333334
FastAPI,2026-01,8,11.666666666666666
FastAPI,2026-02,11,12.0
FastAPI,2026-03,7,8.666666666666666
FastAPI,2026-04,14,10.666666666666666
FastAPI,2026-05,5,8.666666666666666
FastAPI,2026-06,5,8.0
FastAPI,2026-07,4,4.666666666666667
Flask,2024-08,3,3.0
Flask,2024-09,3,3.0
Flask,2024-10,1,2.3333333333333335
Flask,2024-12,3,2.3333333333333335
Flask,2025-01,2,2.0
Flask,2025-02,3,2.6666666666666665
Flask,2025-03,2,2.3333333333333335
Flask,2025-04,2,2.3333333333333335
Flask,2025-06,2,2.0
Flask,2025-07,4,2.6666666666666665
Flask,2025-08,3,3.0
Flask,2025-09,2,3.0
Flask,2025-10,3,2.6666666666666665
Flask,2025-12,3,2.6666666666666665
Flask,2026-01,2,2.6666666666666665
Flask,2026-02,2,2.3333333333333335
Flask,2026-03,1,1.6666666666666667
Flask,2026-04,2,1.6666666666666667
Flask,2026-05,1,1.3333333333333333
Flask,2026-06,2,1.6666666666666667
Flutter,2024-08,5,5.0
Flutter,2024-09,3,4.0
Flutter,2024-10,6,4.666666666666667
Flutter,2024-11,4,4.333333333333333
Flutter,2024-12,1,3.6666666666666665
Flutter,2025-01,3,2.6666666666666665
Flutter,2025-02,1,1.6666666666666667
Flutter,2025-03,1,1.6666666666666667
Flutter,2025-04,2,1.3333333333333333
Flutter,2025-05,1,1.3333333333333333
Flutter,2025-06,3,2.0
Flutter,2025-07,1,1.6666666666666667
Flutter,2025-09,1,1.6666666666666667
Flutter,2025-10,1,1.0
Flutter,2025-11,1,1.0
Flutter,2025-12,2,1.3333333333333333
Flutter,2026-01,3,2.0
Flutter,2026-02,6,3.6666666666666665
Flutter,2026-03,4,4.333333333333333
Flutter,2026-04,2,4.0
Flutter,2026-05,6,4.0
Flutter,2026-06,2,3.3333333333333335
Flutter,2026-07,2,3.3333333333333335
GCP,2024-08,13,13.0
GCP,2024-09,11,12.0
GCP,2024-10,17,13.666666666666666
GCP,2024-11,12,13.333333333333334
GCP,2024-12,13,14.0
GCP,2025-01,13,12.666666666666666
GCP,2025-02,22,16.0
GCP,2025-03,22,19.0
GCP,2025-04,16,20.0
GCP,2025-05,24,20.666666666666668
GCP,2025-06,24,21.333333333333332
GCP,2025-07,21,23.0
GCP,2025-08,15,20.0
GCP,2025-09,23,19.666666666666668
GCP,2025-10,23,20.333333333333332
GCP,2025-11,27,24.333333333333332
GCP,2025-12,19,23.0
GCP,2026-01,14,20.0
GCP,2026-02,31,21.333333333333332
GCP,2026-03,17,20.666666666666668
GCP,2026-04,15,21.0
GCP,2026-05,20,17.333333333333332
GCP,2026-06,10,15.0
GCP,2026-07,16,15.333333333333334
Go,2024-08,35,35.0
Go,2024-09,36,35.5
Go,2024-10,45,38.666666666666664
Go,2024-11,34,38.333333333333336
Go,2024-12,33,37.333333333333336
Go,2025-01,29,32.0
Go,2025-02,52,38.0
Go,2025-03,49,43.333333333333336
Go,2025-04,48,49.666666666666664
Go,2025-05,51,49.333333333333336
Go,2025-06,49,49.333333333333336
Go,2025-07,47,49.0
Go,2025-08,42,46.0
Go,2025-09,42,43.666666666666664
Go,2025-10,38,40.666666666666664
Go,2025-11,53,44.333333333333336
Go,2025-12,45,45.333333333333336
Go,2026-01,34,44.0
Go,2026-02,52,43.666666666666664
Go,2026-03,34,40.0
Go,2026-04,44,43.333333333333336
Go,2026-05,42,40.0
Go,2026-06,47,44.333333333333336
Go,2026-07,32,40.333333333333336
GraphQL,2024-08,9,9.0
GraphQL,2024-09,9,9.0
GraphQL,2024-10,9,9.0
GraphQL,2024-11,17,11.666666666666666
GraphQL,2024-12,7,11.0
GraphQL,2025-01,8,10.666666666666666
GraphQL,2025-02,13,9.333333333333334
GraphQL,2025-03,9,10.0
GraphQL,2025-04,7,9.666666666666666
GraphQL,2025-05,11,9.0
GraphQL,2025-06,7,8.333333333333334
GraphQL,2025-07,7,8.333333333333334
GraphQL,2025-08,6,6.666666666666667
GraphQL,2025-09,6,6.333333333333333
GraphQL,2025-10,10,7.333333333333333
GraphQL,2025-11,13,9.666666666666666
GraphQL,2025-12,11,11.333333333333334
GraphQL,2026-01,7,10.333333333333334
GraphQL,2026-02,15,11.0
GraphQL,2026-03,13,11.666666666666666
GraphQL,2026-04,14,14.0
GraphQL,2026-05,6,11.0
GraphQL,2026-06,9,9.666666666666666
GraphQL,2026-07,10,8.333333333333334
Java,2024-08,15,15.0
Java,2024-09,18,16.5
Java,2024-10,19,17.333333333333332
Java,2024-11,15,17.333333333333332
Java,2024-12,11,15.0
Java,2025-01,6,10.666666666666666
Java,2025-02,8,8.333333333333334
Java,2025-03,12,8.666666666666666
Java,2025-04,18,12.666666666666666
Java,2025-05,12,14.0
Java,2025-06,12,14.0
Java,2025-07,9,11.0
Java,2025-08,9,10.0
Java,2025-09,12,10.0
Java,2025-10,14,11.666666666666666
Java,2025-11,14,13.333333333333334
Java,2025-12,14,14.0
Java,2026-01,7,11.666666666666666
Java,2026-02,14,11.666666666666666
Java,2026-03,9,10.0
Java,2026-04,16,13.0
Java,2026-05,11,12.0
Java,2026-06,11,12.666666666666666
Java,2026-07,9,10.333333333333334
JavaScript,2024-08,49,49.0
JavaScript,2024-09,44,46.5
JavaScript,2024-10,43,45.333333333333336
JavaScript,2024-11,35,40.666666666666664
JavaScript,2024-12,44,40.666666666666664
JavaScript,2025-01,35,38.0
JavaScript,2025-02,50,43.0
JavaScript,2025-03,39,41.333333333333336
JavaScript,2025-04,50,46.333333333333336
JavaScript,2025-05,53,47.333333333333336
JavaScript,2025-06,54,52.333333333333336
JavaScript,2025-07,47,51.333333333333336
JavaScript,2025-08,55,52.0
JavaScript,2025-09,49,50.333333333333336
JavaScript,2025-10,48,50.666666666666664
JavaScript,2025-11,59,52.0
JavaScript,2025-12,56,54.333333333333336
JavaScript,2026-01,47,54.0
JavaScript,2026-02,62,55.0
JavaScript,2026-03,65,58.0
JavaScript,2026-04,60,62.333333333333336
JavaScript,2026-05,50,58.333333333333336
JavaScript,2026-06,49,53.0
JavaScript,2026-07,37,45.333333333333336
Kafka,2024-08,8,8.0
Kafka,2024-09,7,7.5
Kafka,2024-10,7,7.333333333333333
Kafka,2024-11,6,6.666666666666667
Kafka,2024-12,7,6.666666666666667
Kafka,2025-01,6,6.333333333333333
Kafka,2025-02,4,5.666666666666667
Kafka,2025-03,2,4.0
Kafka,2025-04,6,4.0
Kafka,2025-05,4,4.0
Kafka,2025-06,5,5.0
Kafka,2025-07,8,5.666666666666667
Kafka,2025-08,8,7.0
Kafka,2025-09,6,7.333333333333333
Kafka,2025-10,4,6.0
Kafka,2025-11,6,5.333333333333333
Kafka,2025-12,4,4.666666666666667
Kafka,2026-02,4,4.666666666666667
Kafka,2026-03,5,4.333333333333333
Kafka,2026-04,3,4.0
Kafka,2026-05,4,4.0
Kafka,2026-06,4,3.6666666666666665
Kafka,2026-07,2,3.3333333333333335
Kotlin,2024-08,5,5.0
Kotlin,2024-09,3,4.0
Kotlin,2024-10,4,4.0
Kotlin,2024-11,5,4.0
Kotlin,2024-12,5,4.666666666666667
Kotlin,2025-01,4,4.666666666666667
Kotlin,2025-02,8,5.666666666666667
Kotlin,2025-03,13,8.333333333333334
Kotlin,2025-04,10,10.333333333333334
Kotlin,2025-05,10,11.0
Kotlin,2025-06,9,9.666666666666666
Kotlin,2025-07,5,8.0
Kotlin,2025-08,2,5.333333333333333
Kotlin,2025-09,4,3.6666666666666665
Kotlin,2025-10,4,3.3333333333333335
Kotlin,2025-11,8,5.333333333333333
Kotlin,2025-12,8,6.666666666666667
Kotlin,2026-01,3,6.333333333333333
Kotlin,2026-02,7,6.0
Kotlin,2026-03,6,5.333333333333333
Kotlin,2026-04,5,6.0
Kotlin,2026-05,4,5.0
Kotlin,2026-06,8,5.666666666666667
Kotlin,2026-07,4,5.333333333333333
Kubernetes,2024-08,25,25.0
Kubernetes,2024-09,26,25.5
Kubernetes,2024-10,28,26.333333333333332
Kubernetes,2024-11,28,27.333333333333332
Kubernetes,2024-12,24,26.666666666666668
Kubernetes,2025-01,20,24.0
Kubernetes,2025-02,37,27.0
Kubernetes,2025-03,31,29.333333333333332
Kubernetes,2025-04,31,33.0
Kubernetes,2025-05,35,32.333333333333336
Kubernetes,2025-06,36,34.0
Kubernetes,2025-07,39,36.666666666666664
Kubernetes,2025-08,29,34.666666666666664
Kubernetes,2025-09,27,31.666666666666668
Kubernetes,2025-10,29,28.333333333333332
Kubernetes,2025-11,30,28.666666666666668
Kubernetes,2025-12,30,29.666666666666668
Kubernetes,2026-01,25,28.333333333333332
Kubernetes,2026-02,47,34.0
Kubernetes,2026-03,34,35.333333333333336
Kubernetes,2026-04,30,37.0
Kubernetes,2026-05,23,29.0
Kubernetes,2026-06,28,27.0
Kubernetes,2026-07,16,22.333333333333332
LLM,2024-08,19,19.0
LLM,2024-09,21,20.0
LLM,2024-10,12,17.333333333333332
LLM,2024-11,18,17.0
LLM,2024-12,12,14.0
LLM,2025-01,12,14.0
LLM,2025-02,16,13.333333333333334
LLM,2025-03,17,15.0
LLM,2025-04,25,19.333333333333332
LLM,2025-05,20,20.666666666666668
LLM,2025-06,28,24.333333333333332
LLM,2025-07,39,29.0
LLM,2025-08,29,32.0
LLM,2025-09,30,32.666666666666664
LLM,2025-10,26,28.333333333333332
LLM,2025-11,32,29.333333333333332
LLM,2025-12,30,29.333333333333332
LLM,2026-01,29,30.333333333333332
LLM,2026-02,35,31.333333333333332
LLM,2026-03,22,28.666666666666668
LLM,2026-04,37,31.333333333333332
LLM,2026-05,33,30.666666666666668
LLM,2026-06,36,35.333333333333336
LLM,2026-07,33,34.0
Linux,2024-08,9,9.0
Linux,2024-09,9,9.0
Linux,2024-10,14,10.666666666666666
Linux,2024-11,10,11.0
Linux,2024-12,9,11.0
Linux,2025-01,8,9.0
Linux,2025-02,14,10.333333333333334
Linux,2025-03,13,11.666666666666666
Linux,2025-04,14,13.666666666666666
Linux,2025-05,14,13.666666666666666
Linux,2025-06,17,15.0
Linux,2025-07,11,14.0
Linux,2025-08,10,12.666666666666666
Linux,2025-09,11,10.666666666666666
Linux,2025-10,14,11.666666666666666
Linux,2025-11,14,13.0
Linux,2025-12,19,15.666666666666666
Linux,2026-01,11,14.666666666666666
Linux,2026-02,13,14.333333333333334
Linux,2026-03,15,13.0
Linux,2026-04,14,14.0
Linux,2026-05,16,15.0
Linux,2026-06,16,15.333333333333334
Linux,2026-07,8,13.333333333333334
Looker,2024-12,2,2.0
Looker,2025-01,1,1.5
Looker,2025-02,1,1.3333333333333333
Looker,2025-04,1,1.0
Looker,2025-05,1,1.0
Looker,2025-06,1,1.0
Looker,2025-08,1,1.0
Looker,2026-02,1,1.0
Looker,2026-04,1,1.0
Looker,2026-05,1,1.0
Looker,2026-07,1,1.0
Machine Learning,2024-08,54,54.0
Machine Learning,2024-09,46,50.0
Machine Learning,2024-10,45,48.333333333333336
Machine Learning,2024-11,52,47.666666666666664
Machine Learning,2024-12,39,45.333333333333336
Machine Learning,2025-01,38,43.0
Machine Learning,2025-02,59,45.333333333333336
Machine Learning,2025-03,49,48.666666666666664
Machine Learning,2025-04,48,52.0
Machine Learning,2025-05,50,49.0
Machine Learning,2025-06,48,48.666666666666664
Machine Learning,2025-07,48,48.666666666666664
Machine Learning,2025-08,49,48.333333333333336
Machine Learning,2025-09,46,47.666666666666664
Machine Learning,2025-10,61,52.0
Machine Learning,2025-11,62,56.333333333333336
Machine Learning,2025-12,55,59.333333333333336
Machine Learning,2026-01,40,52.333333333333336
Machine Learning,2026-02,53,49.333333333333336
Machine Learning,2026-03,44,45.666666666666664
Machine Learning,2026-04,47,48.0
Machine Learning,2026-05,51,47.333333333333336
Machine Learning,2026-06,47,48.333333333333336
Machine Learning,2026-07,32,43.333333333333336
MongoDB,2024-08,4,4.0
MongoDB,2024-09,4,4.0
MongoDB,2024-10,5,4.333333333333333
MongoDB,2024-11,8,5.666666666666667
MongoDB,2024-12,5,6.0
MongoDB,2025-01,2,5.0
MongoDB,2025-02,6,4.333333333333333
MongoDB,2025-03,11,6.333333333333333
MongoDB,2025-04,6,7.666666666666667
MongoDB,2025-05,4,7.0
MongoDB,2025-06,11,7.0
MongoDB,2025-07,4,6.333333333333333
MongoDB,2025-08,7,7.333333333333333
MongoDB,2025-09,4,5.0
MongoDB,2025-10,2,4.333333333333333
MongoDB,2025-11,6,4.0
MongoDB,2025-12,7,5.0
MongoDB,2026-01,5,6.0
MongoDB,2026-02,11,7.666666666666667
MongoDB,2026-03,5,7.0
MongoDB,2026-04,7,7.666666666666667
MongoDB,2026-05,11,7.666666666666667
MongoDB,2026-06,4,7.333333333333333
MongoDB,2026-07,6,7.0
MySQL,2024-08,8,8.0
MySQL,2024-09,4,6.0
MySQL,2024-10,7,6.333333333333333
MySQL,2024-11,8,6.333333333333333
MySQL,2024-12,4,6.333333333333333
MySQL,2025-01,3,5.0
MySQL,2025-02,8,5.0
MySQL,2025-03,7,6.0
MySQL,2025-04,7,7.333333333333333
MySQL,2025-05,2,5.333333333333333
MySQL,2025-06,5,4.666666666666667
MySQL,2025-07,6,4.333333333333333
MySQL,2025-08,4,5.0
MySQL,2025-09,6,5.333333333333333
MySQL,2025-10,6,5.333333333333333
MySQL,2025-11,8,6.666666666666667
MySQL,2025-12,6,6.666666666666667
MySQL,2026-01,5,6.333333333333333
MySQL,2026-02,6,5.666666666666667
MySQL,2026-03,6,5.666666666666667
MySQL,2026-04,9,7.0
MySQL,2026-05,4,6.333333333333333
MySQL,2026-06,3,5.333333333333333
MySQL,2026-07,3,3.3333333333333335
NLP,2024-08,2,2.0
NLP,2024-09,1,1.5
NLP,2024-10,2,1.6666666666666667
NLP,2024-11,4,2.3333333333333335
NLP,2024-12,2,2.6666666666666665
NLP,2025-01,5,3.6666666666666665
NLP,2025-02,2,3.0
NLP,2025-03,3,3.3333333333333335
NLP,2025-04,3,2.6666666666666665
NLP,2025-05,3,3.0
NLP,2025-06,1,2.3333333333333335
NLP,2025-07,2,2.0
NLP,2025-08,3,2.0
NLP,2025-09,4,3.0
NLP,2025-10,6,4.333333333333333
NLP,2025-11,5,5.0
NLP,2025-12,2,4.333333333333333
NLP,2026-01,5,4.0
NLP,2026-02,3,3.3333333333333335
NLP,2026-03,4,4.0
NLP,2026-04,1,2.6666666666666665
NLP,2026-05,2,2.3333333333333335
NLP,2026-06,2,1.6666666666666667
Next.js,2024-08,18,18.0
Next.js,2024-09,17,17.5
Next.js,2024-10,15,16.666666666666668
Next.js,2024-11,19,17.0
Next.js,2024-12,13,15.666666666666666
Next.js,2025-01,13,15.0
Next.js,2025-02,22,16.0
Next.js,2025-03,16,17.0
Next.js,2025-04,23,20.333333333333332
Next.js,2025-05,17,18.666666666666668
Next.js,2025-06,20,20.0
Next.js,2025-07,13,16.666666666666668
Next.js,2025-08,13,15.333333333333334
Next.js,2025-09,21,15.666666666666666
Next.js,2025-10,16,16.666666666666668
Next.js,2025-11,25,20.666666666666668
Next.js,2025-12,27,22.666666666666668
Next.js,2026-01,22,24.666666666666668
Next.js,2026-02,28,25.666666666666668
Next.js,2026-03,25,25.0
Next.js,2026-04,23,25.333333333333332
Next.js,2026-05,20,22.666666666666668
Next.js,2026-06,24,22.333333333333332
Next.js,2026-07,14,19.333333333333332
Node.js,2024-08,29,29.0
Node.js,2024-09,22,25.5
Node.js,2024-10,26,25.666666666666668
Node.js,2024-11,25,24.333333333333332
Node.js,2024-12,25,25.333333333333332
Node.js,2025-01,20,23.333333333333332
Node.js,2025-02,31,25.333333333333332
Node.js,2025-03,24,25.0
Node.js,2025-04,26,27.0
Node.js,2025-05,29,26.333333333333332
Node.js,2025-06,35,30.0
Node.js,2025-07,31,31.666666666666668
Node.js,2025-08,33,33.0
Node.js,2025-09,33,32.333333333333336
Node.js,2025-10,37,34.333333333333336
Node.js,2025-11,44,38.0
Node.js,2025-12,38,39.666666666666664
Node.js,2026-01,28,36.666666666666664
Node.js,2026-02,43,36.333333333333336
Node.js,2026-03,37,36.0
Node.js,2026-04,28,36.0
Node.js,2026-05,31,32.0
Node.js,2026-06,23,27.333333333333332
Node.js,2026-07,23,25.666666666666668
PHP,2024-08,2,2.0
PHP,2024-09,3,2.5
PHP,2024-10,5,3.3333333333333335
PHP,2024-11,3,3.6666666666666665
PHP,2024-12,2,3.3333333333333335
PHP,2025-01,3,2.6666666666666665
PHP,2025-02,6,3.6666666666666665
PHP,2025-03,3,4.0
PHP,2025-04,2,3.6666666666666665
PHP,2025-05,2,2.3333333333333335
PHP,2025-06,2,2.0
PHP,2025-07,6,3.3333333333333335
PHP,2025-08,5,4.333333333333333
PHP,2025-09,4,5.0
PHP,2025-11,4,4.333333333333333
PHP,2025-12,5,4.333333333333333
PHP,2026-01,5,4.666666666666667
PHP,2026-02,3,4.333333333333333
PHP,2026-03,4,4.0
PHP,2026-04,4,3.6666666666666665
PHP,2026-05,5,4.333333333333333
PHP,2026-06,4,4.333333333333333
PHP,2026-07,3,4.0
Pandas,2024-08,1,1.0
Pandas,2024-09,1,1.0
Pandas,2024-10,1,1.0
Pandas,2024-12,1,1.0
Pandas,2025-03,2,1.3333333333333333
Pandas,2025-07,1,1.3333333333333333
Pandas,2025-08,2,1.6666666666666667
Pandas,2025-10,3,2.0
Pandas,2025-12,1,2.0
Pandas,2026-03,1,1.6666666666666667
Pandas,2026-04,1,1.0
Pandas,2026-05,5,2.3333333333333335
Pandas,2026-06,3,3.0
Pandas,2026-07,1,3.0
PostgreSQL,2024-08,41,41.0
PostgreSQL,2024-09,46,43.5
PostgreSQL,2024-10,44,43.666666666666664
PostgreSQL,2024-11,46,45.333333333333336
PostgreSQL,2024-12,41,43.666666666666664
PostgreSQL,2025-01,44,43.666666666666664
PostgreSQL,2025-02,54,46.333333333333336
PostgreSQL,2025-03,46,48.0
PostgreSQL,2025-04,48,49.333333333333336
PostgreSQL,2025-05,39,44.333333333333336
PostgreSQL,2025-06,59,48.666666666666664
PostgreSQL,2025-07,48,48.666666666666664
PostgreSQL,2025-08,47,51.333333333333336
PostgreSQL,2025-09,47,47.333333333333336
PostgreSQL,2025-10,49,47.666666666666664
PostgreSQL,2025-11,65,53.666666666666664
PostgreSQL,2025-12,73,62.333333333333336
PostgreSQL,2026-01,45,61.0
PostgreSQL,2026-02,85,67.66666666666667
PostgreSQL,2026-03,66,65.33333333333333
PostgreSQL,2026-04,60,70.33333333333333
PostgreSQL,2026-05,57,61.0
PostgreSQL,2026-06,59,58.666666666666664
PostgreSQL,2026-07,43,53.0
Power BI,2025-10,1,1.0
Power BI,2025-11,1,1.0
PyTorch,2024-08,6,6.0
PyTorch,2024-09,9,7.5
PyTorch,2024-10,9,8.0
PyTorch,2024-11,6,8.0
PyTorch,2024-12,3,6.0
PyTorch,2025-01,4,4.333333333333333
PyTorch,2025-02,6,4.333333333333333
PyTorch,2025-03,3,4.333333333333333
PyTorch,2025-04,4,4.333333333333333
PyTorch,2025-05,9,5.333333333333333
PyTorch,2025-06,9,7.333333333333333
PyTorch,2025-07,9,9.0
PyTorch,2025-08,8,8.666666666666666
PyTorch,2025-09,7,8.0
PyTorch,2025-10,10,8.333333333333334
PyTorch,2025-11,8,8.333333333333334
PyTorch,2025-12,9,9.0
PyTorch,2026-01,5,7.333333333333333
PyTorch,2026-02,8,7.333333333333333
PyTorch,2026-03,10,7.666666666666667
PyTorch,2026-04,6,8.0
PyTorch,2026-05,9,8.333333333333334
PyTorch,2026-06,5,6.666666666666667
PyTorch,2026-07,4,6.0
Python,2024-08,69,69.0
Python,2024-09,78,73.5
Python,2024-10,68,71.66666666666667
Python,2024-11,67,71.0
Python,2024-12,59,64.66666666666667
Python,2025-01,62,62.666666666666664
Python,2025-02,87,69.33333333333333
Python,2025-03,78,75.66666666666667
Python,2025-04,67,77.33333333333333
Python,2025-05,78,74.33333333333333
Python,2025-06,96,80.33333333333333
Python,2025-07,83,85.66666666666667
Python,2025-08,93,90.66666666666667
Python,2025-09,80,85.33333333333333
Python,2025-10,79,84.0
Python,2025-11,94,84.33333333333333
Python,2025-12,92,88.33333333333333
Python,2026-01,60,82.0
Python,2026-02,99,83.66666666666667
Python,2026-03,76,78.33333333333333
Python,2026-04,92,89.0
Python,2026-05,86,84.66666666666667
Python,2026-06,88,88.66666666666667
Python,2026-07,59,77.66666666666667
R,2026-02,1,1.0
Rails,2024-08,17,17.0
Rails,2024-09,12,14.5
Rails,2024-10,7,12.0
Rails,2024-11,16,11.666666666666666
Rails,2024-12,17,13.333333333333334
Rails,2025-01,15,16.0
Rails,2025-02,14,15.333333333333334
Rails,2025-03,10,13.0
Rails,2025-04,13,12.333333333333334
Rails,2025-05,10,11.0
Rails,2025-06,17,13.333333333333334
Rails,2025-07,15,14.0
Rails,2025-08,19,17.0
Rails,2025-09,15,16.333333333333332
Rails,2025-10,16,16.666666666666668
Rails,2025-11,14,15.0
Rails,2025-12,16,15.333333333333334
Rails,2026-01,8,12.666666666666666
Rails,2026-02,15,13.0
Rails,2026-03,16,13.0
Rails,2026-04,9,13.333333333333334
Rails,2026-05,10,11.666666666666666
Rails,2026-06,7,8.666666666666666
Rails,2026-07,11,9.333333333333334
React,2024-08,75,75.0
React,2024-09,76,75.5
React,2024-10,83,78.0
React,2024-11,81,80.0
React,2024-12,62,75.33333333333333
React,2025-01,54,65.66666666666667
React,2025-02,91,69.0
React,2025-03,69,71.33333333333333
React,2025-04,79,79.66666666666667
React,2025-05,79,75.66666666666667
React,2025-06,89,82.33333333333333
React,2025-07,74,80.66666666666667
React,2025-08,76,79.66666666666667
React,2025-09,82,77.33333333333333
React,2025-10,79,79.0
React,2025-11,99,86.66666666666667
React,2025-12,94,90.66666666666667
React,2026-01,69,87.33333333333333
React,2026-02,102,88.33333333333333
React,2026-03,85,85.33333333333333
React,2026-04,81,89.33333333333333
React,2026-05,69,78.33333333333333
React,2026-06,76,75.33333333333333
React,2026-07,65,70.0
React Native,2024-08,14,14.0
React Native,2024-09,6,10.0
React Native,2024-10,14,11.333333333333334
React Native,2024-11,17,12.333333333333334
React Native,2024-12,10,13.666666666666666
React Native,2025-01,9,12.0
React Native,2025-02,14,11.0
React Native,2025-03,7,10.0
React Native,2025-04,5,8.666666666666666
React Native,2025-05,10,7.333333333333333
React Native,2025-06,14,9.666666666666666
React Native,2025-07,7,10.333333333333334
React Native,2025-08,4,8.333333333333334
React Native,2025-09,8,6.333333333333333
React Native,2025-10,14,8.666666666666666
React Native,2025-11,9,10.333333333333334
React Native,2025-12,9,10.666666666666666
React Native,2026-01,4,7.333333333333333
React Native,2026-02,8,7.0
React Native,2026-03,9,7.0
React Native,2026-04,6,7.666666666666667
React Native,2026-05,11,8.666666666666666
React Native,2026-06,11,9.333333333333334
React Native,2026-07,13,11.666666666666666
Redis,2024-08,12,12.0
Redis,2024-09,8,10.0
Redis,2024-10,6,8.666666666666666
Redis,2024-11,7,7.0
Redis,2024-12,9,7.333333333333333
Redis,2025-01,8,8.0
Redis,2025-02,9,8.666666666666666
Redis,2025-03,8,8.333333333333334
Redis,2025-04,8,8.333333333333334
Redis,2025-05,4,6.666666666666667
Redis,2025-06,8,6.666666666666667
Redis,2025-07,10,7.333333333333333
Redis,2025-08,8,8.666666666666666
Redis,2025-09,12,10.0
Redis,2025-10,11,10.333333333333334
Redis,2025-11,9,10.666666666666666
Redis,2025-12,12,10.666666666666666
Redis,2026-01,9,10.0
Redis,2026-02,20,13.666666666666666
Redis,2026-03,15,14.666666666666666
Redis,2026-04,15,16.666666666666668
Redis,2026-05,12,14.0
Redis,2026-06,7,11.333333333333334
Redis,2026-07,7,8.666666666666666
Ruby,2024-08,19,19.0
Ruby,2024-09,12,15.5
Ruby,2024-10,8,13.0
Ruby,2024-11,16,12.0
Ruby,2024-12,15,13.0
Ruby,2025-01,15,15.333333333333334
Ruby,2025-02,13,14.333333333333334
Ruby,2025-03,8,12.0
Ruby,2025-04,10,10.333333333333334
Ruby,2025-05,9,9.0
Ruby,2025-06,18,12.333333333333334
Ruby,2025-07,11,12.666666666666666
Ruby,2025-08,19,16.0
Ruby,2025-09,12,14.0
Ruby,2025-10,10,13.666666666666666
Ruby,2025-11,9,10.333333333333334
Ruby,2025-12,13,10.666666666666666
Ruby,2026-01,5,9.0
Ruby,2026-02,14,10.666666666666666
Ruby,2026-03,14,11.0
Ruby,2026-04,9,12.333333333333334
Ruby,2026-05,10,11.0
Ruby,2026-06,9,9.333333333333334
Ruby,2026-07,9,9.333333333333334
Rust,2024-08,26,26.0
Rust,2024-09,23,24.5
Rust,2024-10,23,24.0
Rust,2024-11,19,21.666666666666668
Rust,2024-12,18,20.0
Rust,2025-01,18,18.333333333333332
Rust,2025-02,28,21.333333333333332
Rust,2025-03,19,21.666666666666668
Rust,2025-04,25,24.0
Rust,2025-05,34,26.0
Rust,2025-06,32,30.333333333333332
Rust,2025-07,26,30.666666666666668
Rust,2025-08,27,28.333333333333332
Rust,2025-09,20,24.333333333333332
Rust,2025-10,25,24.0
Rust,2025-11,24,23.0
Rust,2025-12,31,26.666666666666668
Rust,2026-01,22,25.666666666666668
Rust,2026-02,39,30.666666666666668
Rust,2026-03,26,29.0
Rust,2026-04,30,31.666666666666668
Rust,2026-05,28,28.0
Rust,2026-06,27,28.333333333333332
Rust,2026-07,27,27.333333333333332
SQL,2024-08,9,9.0
SQL,2024-09,7,8.0
SQL,2024-10,13,9.666666666666666
SQL,2024-11,14,11.333333333333334
SQL,2024-12,10,12.333333333333334
SQL,2025-01,9,11.0
SQL,2025-02,11,10.0
SQL,2025-03,12,10.666666666666666
SQL,2025-04,13,12.0
SQL,2025-05,11,12.0
SQL,2025-06,14,12.666666666666666
SQL,2025-07,12,12.333333333333334
SQL,2025-08,12,12.666666666666666
SQL,2025-09,12,12.0
SQL,2025-10,15,13.0
SQL,2025-11,15,14.0
SQL,2025-12,13,14.333333333333334
SQL,2026-01,12,13.333333333333334
SQL,2026-02,17,14.0
SQL,2026-03,10,13.0
SQL,2026-04,17,14.666666666666666
SQL,2026-05,8,11.666666666666666
SQL,2026-06,12,12.333333333333334
SQL,2026-07,13,11.0
Scala,2024-08,1,1.0
Scala,2024-09,2,1.5
Scala,2024-10,1,1.3333333333333333
Scala,2024-11,2,1.6666666666666667
Scala,2025-03,3,2.0
Scala,2025-04,2,2.3333333333333335
Scala,2025-05,1,2.0
Scala,2025-06,1,1.3333333333333333
Scala,2025-08,3,1.6666666666666667
Scala,2025-09,2,2.0
Scala,2025-10,2,2.3333333333333335
Scala,2025-11,5,3.0
Scala,2025-12,4,3.6666666666666665
Scala,2026-01,2,3.6666666666666665
Scala,2026-02,2,2.6666666666666665
Scala,2026-03,5,3.0
Scala,2026-04,4,3.6666666666666665
Scala,2026-05,6,5.0
Scala,2026-06,5,5.0
Scala,2026-07,3,4.666666666666667
Snowflake,2024-08,4,4.0
Snowflake,2024-09,6,5.0
Snowflake,2024-10,1,3.6666666666666665
Snowflake,2024-11,6,4.333333333333333
Snowflake,2024-12,5,4.0
Snowflake,2025-01,3,4.666666666666667
Snowflake,2025-02,5,4.333333333333333
Snowflake,2025-03,5,4.333333333333333
Snowflake,2025-04,2,4.0
Snowflake,2025-05,4,3.6666666666666665
Snowflake,2025-07,6,4.0
Snowflake,2025-08,1,3.6666666666666665
Snowflake,2025-09,3,3.3333333333333335
Snowflake,2025-10,5,3.0
Snowflake,2025-11,6,4.666666666666667
Snowflake,2025-12,7,6.0
Snowflake,2026-01,3,5.333333333333333
Snowflake,2026-02,6,5.333333333333333
Snowflake,2026-03,2,3.6666666666666665
Snowflake,2026-04,7,5.0
Snowflake,2026-05,6,5.0
Snowflake,2026-06,8,7.0
Snowflake,2026-07,2,5.333333333333333
Spark,2024-08,2,2.0
Spark,2024-09,6,4.0
Spark,2024-10,4,4.0
Spark,2024-11,3,4.333333333333333
Spark,2024-12,4,3.6666666666666665
Spark,2025-01,4,3.6666666666666665
Spark,2025-02,2,3.3333333333333335
Spark,2025-03,2,2.6666666666666665
Spark,2025-04,4,2.6666666666666665
Spark,2025-05,7,4.333333333333333
Spark,2025-07,2,4.333333333333333
Spark,2025-08,3,4.0
Spark,2025-09,3,2.6666666666666665
Spark,2025-10,3,3.0
Spark,2025-11,6,4.0
Spark,2025-12,2,3.6666666666666665
Spark,2026-01,3,3.6666666666666665
Spark,2026-02,5,3.3333333333333335
Spark,2026-03,3,3.6666666666666665
Spark,2026-04,4,4.0
Spark,2026-05,4,3.6666666666666665
Spark,2026-06,3,3.6666666666666665
Spring,2024-08,3,3.0
Spring,2024-09,2,2.5
Spring,2024-10,5,3.3333333333333335
Spring,2024-11,5,4.0
Spring,2024-12,3,4.333333333333333
Spring,2025-01,3,3.6666666666666665
Spring,2025-02,2,2.6666666666666665
Spring,2025-03,1,2.0
Spring,2025-04,4,2.3333333333333335
Spring,2025-05,2,2.3333333333333335
Spring,2025-10,2,2.6666666666666665
Spring,2025-11,3,2.3333333333333335
Spring,2025-12,2,2.3333333333333335
Spring,2026-01,2,2.3333333333333335
Spring,2026-02,2,2.0
Spring,2026-03,1,1.6666666666666667
Spring,2026-04,4,2.3333333333333335
Spring,2026-06,1,2.0
Spring,2026-07,1,2.0
Svelte,2024-08,1,1.0
Svelte,2024-09,1,1.0
Svelte,2024-10,2,1.3333333333333333
Svelte,2024-11,2,1.6666666666666667
Svelte,2024-12,1,1.6666666666666667
Svelte,2025-01,1,1.3333333333333333
Svelte,2025-02,1,1.0
Svelte,2025-03,3,1.6666666666666667
Svelte,2025-05,1,1.6666666666666667
Svelte,2025-06,2,2.0
Svelte,2025-07,2,1.6666666666666667
Svelte,2025-08,1,1.6666666666666667
Svelte,2025-10,1,1.3333333333333333
Svelte,2025-11,7,3.0
Svelte,2025-12,3,3.6666666666666665
Svelte,2026-01,1,3.6666666666666665
Svelte,2026-02,3,2.3333333333333335
Svelte,2026-03,2,2.0
Svelte,2026-04,1,2.0
Svelte,2026-05,1,1.3333333333333333
Svelte,2026-06,3,1.6666666666666667
Svelte,2026-07,1,1.6666666666666667
Swift,2024-08,5,5.0
Swift,2024-09,4,4.5
Swift,2024-10,2,3.6666666666666665
Swift,2024-11,2,2.6666666666666665
Swift,2024-12,2,2.0
Swift,2025-01,1,1.6666666666666667
Swift,2025-02,3,2.0
Swift,2025-03,8,4.0
Swift,2025-04,7,6.0
Swift,2025-05,6,7.0
Swift,2025-06,8,7.0
Swift,2025-07,6,6.666666666666667
Swift,2025-08,2,5.333333333333333
Swift,2025-09,2,3.3333333333333335
Swift,2025-10,2,2.0
Swift,2025-11,6,3.3333333333333335
Swift,2025-12,7,5.0
Swift,2026-01,3,5.333333333333333
Swift,2026-02,9,6.333333333333333
Swift,2026-03,6,6.0
Swift,2026-04,3,6.0
Swift,2026-05,3,4.0
Swift,2026-06,4,3.3333333333333335
Swift,2026-07,4,3.6666666666666665
Tableau,2024-08,1,1.0
Tableau,2024-09,2,1.5
Tableau,2024-10,1,1.3333333333333333
Tableau,2024-11,2,1.6666666666666667
Tableau,2025-01,1,1.3333333333333333
Tableau,2025-02,1,1.3333333333333333
Tableau,2025-03,1,1.0
Tableau,2025-05,1,1.0
Tableau,2025-06,2,1.3333333333333333
Tableau,2025-09,2,1.6666666666666667
Tableau,2025-10,2,2.0
Tableau,2025-11,1,1.6666666666666667
Tailwind,2024-08,6,6.0
Tailwind,2024-09,4,5.0
Tailwind,2024-10,5,5.0
Tailwind,2024-11,7,5.333333333333333
Tailwind,2024-12,6,6.0
Tailwind,2025-01,4,5.666666666666667
Tailwind,2025-02,7,5.666666666666667
Tailwind,2025-03,5,5.333333333333333
Tailwind,2025-04,4,5.333333333333333
Tailwind,2025-05,7,5.333333333333333
Tailwind,2025-06,11,7.333333333333333
Tailwind,2025-07,6,8.0
Tailwind,2025-08,5,7.333333333333333
Tailwind,2025-09,4,5.0
Tailwind,2025-10,3,4.0
Tailwind,2025-11,7,4.666666666666667
Tailwind,2025-12,3,4.333333333333333
Tailwind,2026-01,3,4.333333333333333
Tailwind,2026-02,9,5.0
Tailwind,2026-03,9,7.0
Tailwind,2026-04,2,6.666666666666667
Tailwind,2026-05,8,6.333333333333333
Tailwind,2026-06,5,5.0
Tailwind,2026-07,2,5.0
TensorFlow,2024-08,3,3.0
TensorFlow,2024-09,1,2.0
TensorFlow,2024-10,3,2.3333333333333335
TensorFlow,2024-12,2,2.0
TensorFlow,2025-01,2,2.3333333333333335
TensorFlow,2025-02,1,1.6666666666666667
TensorFlow,2025-03,1,1.3333333333333333
TensorFlow,2025-05,4,2.0
TensorFlow,2025-06,1,2.0
TensorFlow,2025-07,1,2.0
TensorFlow,2025-08,1,1.0
TensorFlow,2025-09,1,1.0
TensorFlow,2025-10,3,1.6666666666666667
TensorFlow,2025-11,1,1.6666666666666667
TensorFlow,2025-12,1,1.6666666666666667
TensorFlow,2026-01,1,1.0
TensorFlow,2026-02,2,1.3333333333333333
TensorFlow,2026-03,6,3.0
TensorFlow,2026-04,2,3.3333333333333335
TensorFlow,2026-05,4,4.0
TensorFlow,2026-06,1,2.3333333333333335
TensorFlow,2026-07,1,2.0
Terraform,2024-08,13,13.0
Terraform,2024-09,18,15.5
Terraform,2024-10,15,15.333333333333334
Terraform,2024-11,15,16.0
Terraform,2024-12,14,14.666666666666666
Terraform,2025-01,14,14.333333333333334
Terraform,2025-02,24,17.333333333333332
Terraform,2025-03,18,18.666666666666668
Terraform,2025-04,14,18.666666666666668
Terraform,2025-05,18,16.666666666666668
Terraform,2025-06,23,18.333333333333332
Terraform,2025-07,19,20.0
Terraform,2025-08,10,17.333333333333332
Terraform,2025-09,17,15.333333333333334
Terraform,2025-10,13,13.333333333333334
Terraform,2025-11,23,17.666666666666668
Terraform,2025-12,23,19.666666666666668
Terraform,2026-01,13,19.666666666666668
Terraform,2026-02,29,21.666666666666668
Terraform,2026-03,17,19.666666666666668
Terraform,2026-04,18,21.333333333333332
Terraform,2026-05,18,17.666666666666668
Terraform,2026-06,21,19.0
Terraform,2026-07,10,16.333333333333332
TypeScript,2024-08,66,66.0
TypeScript,2024-09,66,66.0
TypeScript,2024-10,85,72.33333333333333
TypeScript,2024-11,73,74.66666666666667
TypeScript,2024-12,58,72.0
TypeScript,2025-01,51,60.666666666666664
TypeScript,2025-02,78,62.333333333333336
TypeScript,2025-03,78,69.0
TypeScript,2025-04,69,75.0
TypeScript,2025-05,88,78.33333333333333
TypeScript,2025-06,83,80.0
TypeScript,2025-07,87,86.0
TypeScript,2025-08,84,84.66666666666667
TypeScript,2025-09,92,87.66666666666667
TypeScript,2025-10,82,86.0
TypeScript,2025-11,103,92.33333333333333
TypeScript,2025-12,97,94.0
TypeScript,2026-01,65,88.33333333333333
TypeScript,2026-02,124,95.33333333333333
TypeScript,2026-03,85,91.33333333333333
TypeScript,2026-04,83,97.33333333333333
TypeScript,2026-05,70,79.33333333333333
TypeScript,2026-06,75,76.0
TypeScript,2026-07,63,69.33333333333333
Vue,2024-08,14,14.0
Vue,2024-09,10,12.0
Vue,2024-10,10,11.333333333333334
Vue,2024-11,8,9.333333333333334
Vue,2024-12,7,8.333333333333334
Vue,2025-01,11,8.666666666666666
Vue,2025-02,11,9.666666666666666
Vue,2025-03,7,9.666666666666666
Vue,2025-04,10,9.333333333333334
Vue,2025-05,12,9.666666666666666
Vue,2025-06,7,9.666666666666666
Vue,2025-07,11,10.0
Vue,2025-08,11,9.666666666666666
Vue,2025-09,7,9.666666666666666
Vue,2025-10,6,8.0
Vue,2025-11,9,7.333333333333333
Vue,2025-12,11,8.666666666666666
Vue,2026-01,5,8.333333333333334
Vue,2026-02,6,7.333333333333333
Vue,2026-03,7,6.0
Vue,2026-04,6,6.333333333333333
Vue,2026-05,4,5.666666666666667
Vue,2026-06,3,4.333333333333333
Vue,2026-07,2,3.0
dbt,2024-08,1,1.0
dbt,2024-09,1,1.0
dbt,2024-10,1,1.0
dbt,2024-11,3,1.6666666666666667
dbt,2024-12,5,3.0
dbt,2025-01,1,3.0
dbt,2025-02,2,2.6666666666666665
dbt,2025-03,6,3.0
dbt,2025-04,2,3.3333333333333335
dbt,2025-05,5,4.333333333333333
dbt,2025-07,2,3.0
dbt,2025-08,3,3.3333333333333335
dbt,2025-09,2,2.3333333333333335
dbt,2025-10,3,2.6666666666666665
dbt,2025-11,3,2.6666666666666665
dbt,2025-12,2,2.6666666666666665
dbt,2026-02,6,3.6666666666666665
dbt,2026-03,2,3.3333333333333335
dbt,2026-04,1,3.0
dbt,2026-05,7,3.3333333333333335
dbt,2026-06,9,5.666666666666667
dbt,2026-07,3,6.333333333333333
iOS,2024-08,15,15.0
iOS,2024-09,8,11.5
iOS,2024-10,15,12.666666666666666
iOS,2024-11,8,10.333333333333334
iOS,2024-12,6,9.666666666666666
iOS,2025-01,8,7.333333333333333
iOS,2025-02,9,7.666666666666667
iOS,2025-03,13,10.0
iOS,2025-04,10,10.666666666666666
iOS,2025-05,13,12.0
iOS,2025-06,10,11.0
iOS,2025-07,8,10.333333333333334
iOS,2025-08,5,7.666666666666667
iOS,2025-09,6,6.333333333333333
iOS,2025-10,9,6.666666666666667
iOS,2025-11,12,9.0
iOS,2025-12,12,11.0
iOS,2026-01,11,11.666666666666666
iOS,2026-02,20,14.333333333333334
iOS,2026-03,10,13.666666666666666
iOS,2026-04,14,14.666666666666666
iOS,2026-05,11,11.666666666666666
iOS,2026-06,14,13.0
iOS,2026-07,7,10.666666666666666
scikit-learn,2024-08,3,3.0
scikit-learn,2024-09,1,2.0
scikit-learn,2024-10,2,2.0
scikit-learn,2024-11,1,1.3333333333333333
scikit-learn,2025-05,1,1.3333333333333333
scikit-learn,2025-06,1,1.0
scikit-learn,2025-07,2,1.3333333333333333
scikit-learn,2025-08,2,1.6666666666666667
scikit-learn,2025-09,1,1.6666666666666667
scikit-learn,2025-10,2,1.6666666666666667
scikit-learn,2026-01,1,1.3333333333333333
scikit-learn,2026-03,2,1.6666666666666667
scikit-learn,2026-05,2,1.6666666666666667
scikit-learn,2026-06,2,2.0
